Ошибка: Файл ecodpo.ru не найден.
Ошибка: Файл /ecodpo.ru не найден.
Ошибка: Файл /ecodpo.ru/ не найден.
Thu Feb  5 09:11:31 MSK 2026: Замена '8 (800) 222-70-59' на '8 931 260 80 64' успешно выполнена в файле ecodpo.ru/index.html.
Thu Feb  5 09:11:31 MSK 2026: Текст '8 (800) 222-70-59' не найден в файле ecodpo.ru/index_files/anchor.html. Замена не выполнена.
Thu Feb  5 09:11:32 MSK 2026: Текст '8 (800) 222-70-59' не найден в файле ecodpo.ru/index_files/saved_resource(3).html. Замена не выполнена.
Thu Feb  5 09:11:32 MSK 2026: Текст '8 (800) 222-70-59' не найден в файле ecodpo.ru/index_files/saved_resource.html. Замена не выполнена.
Thu Feb  5 09:13:16 MSK 2026: Замена 'Заказать звонок' на 'Купить' успешно выполнена в файле ecodpo.ru/index.html.
Thu Feb  5 09:13:16 MSK 2026: Текст 'Заказать звонок' не найден в файле ecodpo.ru/index_files/anchor.html. Замена не выполнена.
Thu Feb  5 09:13:16 MSK 2026: Текст 'Заказать звонок' не найден в файле ecodpo.ru/index_files/saved_resource(3).html. Замена не выполнена.
Thu Feb  5 09:13:16 MSK 2026: Текст 'Заказать звонок' не найден в файле ecodpo.ru/index_files/saved_resource.html. Замена не выполнена.
Thu Feb  5 12:08:17 MSK 2026: Ошибка при выполнении замены в файле ecodpo.ru/1s-bukhgalteriya-gosudarstvennogo-uchrezhdeniya-pk/index.html.
Thu Feb  5 12:08:17 MSK 2026: Ошибка при выполнении замены в файле ecodpo.ru/1s-bukhgalteriya-predpriyatiya-pk/index.html.
Thu Feb  5 12:08:17 MSK 2026: Ошибка при выполнении замены в файле ecodpo.ru/1s-formirovanie-otchetnosti-organizatsii-pk/index.html.
Thu Feb  5 12:08:18 MSK 2026: Ошибка при выполнении замены в файле ecodpo.ru/1s-programmist-pp/index.html.
Thu Feb  5 12:08:18 MSK 2026: Ошибка при выполнении замены в файле ecodpo.ru/1s-upravlenie-torgovley-pk/index.html.
Thu Feb  5 12:08:18 MSK 2026: Ошибка при выполнении замены в файле ecodpo.ru/1s-zarplata-i-upravlenie-personalom-pk/index.html.
Thu Feb  5 12:08:18 MSK 2026: Ошибка при выполнении замены в файле ecodpo.ru/223-fz-pp/index.html.
Thu Feb  5 12:08:18 MSK 2026: Ошибка при выполнении замены в файле ecodpo.ru/3d-vizualizatsiya-interera-pk/index.html.
Thu Feb  5 12:08:18 MSK 2026: Ошибка при выполнении замены в файле ecodpo.ru/44-fz-i-223-fz-pk/index.html.
Thu Feb  5 12:08:18 MSK 2026: Ошибка при выполнении замены в файле ecodpo.ru/44-fz-i-223-fz-pp/index.html.
Thu Feb  5 12:08:18 MSK 2026: Ошибка при выполнении замены в файле ecodpo.ru/44-fz-pk/index.html.
Thu Feb  5 12:08:18 MSK 2026: Ошибка при выполнении замены в файле ecodpo.ru/44-fz-pp/index.html.
Thu Feb  5 12:08:18 MSK 2026: Ошибка при выполнении замены в файле ecodpo.ru/44-i-223-pk/index.html.
Thu Feb  5 12:08:18 MSK 2026: Ошибка при выполнении замены в файле ecodpo.ru/abakan/1s-programmist-pp/index.html.
Thu Feb  5 12:08:18 MSK 2026: Ошибка при выполнении замены в файле ecodpo.ru/abakan/223-fz-pp/index.html.
Thu Feb  5 12:08:18 MSK 2026: Ошибка при выполнении замены в файле ecodpo.ru/abakan/44-fz-i-223-fz-pp/index.html.
Thu Feb  5 12:08:18 MSK 2026: Ошибка при выполнении замены в файле ecodpo.ru/abakan/44-fz-pp/index.html.
Thu Feb  5 12:08:18 MSK 2026: Ошибка при выполнении замены в файле ecodpo.ru/abakan/adaptivnaya-fizicheskaya-kultura-pp/index.html.
Thu Feb  5 12:08:18 MSK 2026: Ошибка при выполнении замены в файле ecodpo.ru/abakan/administrativnoe-pravo-pp/index.html.
Thu Feb  5 12:08:18 MSK 2026: Ошибка при выполнении замены в файле ecodpo.ru/abakan/administrator-baz-dannykh-pp/index.html.
Thu Feb  5 12:08:19 MSK 2026: Ошибка при выполнении замены в файле ecodpo.ru/abakan/administrirovanie-v-sportivnykh-klubakh-i-fitnes-tsentrakh-pp/index.html.
Thu Feb  5 12:08:19 MSK 2026: Ошибка при выполнении замены в файле ecodpo.ru/abakan/advokatura-pp/index.html.
Thu Feb  5 12:08:19 MSK 2026: Ошибка при выполнении замены в файле ecodpo.ru/abakan/aerofotogeodeziya-pp/index.html.
Thu Feb  5 12:08:19 MSK 2026: Ошибка при выполнении замены в файле ecodpo.ru/abakan/agronom-zashchishchennogo-grunta-pp/index.html.
Thu Feb  5 12:08:19 MSK 2026: Ошибка при выполнении замены в файле ecodpo.ru/abakan/agronomiya-professionalnaya-perepodgotovka/index.html.
Thu Feb  5 12:08:19 MSK 2026: Ошибка при выполнении замены в файле ecodpo.ru/abakan/akusherskoe-delo-pp/index.html.
Thu Feb  5 12:08:19 MSK 2026: Ошибка при выполнении замены в файле ecodpo.ru/abakan/akusherstvo-i-ginekologiya-vrachi-pp/index.html.
Thu Feb  5 12:08:19 MSK 2026: Ошибка при выполнении замены в файле ecodpo.ru/abakan/akvafitnes-i-akvaaerobika-pp/index.html.
Thu Feb  5 12:08:19 MSK 2026: Ошибка при выполнении замены в файле ecodpo.ru/abakan/allergologiya-i-immunologiya-pp/index.html.
Thu Feb  5 12:08:19 MSK 2026: Ошибка при выполнении замены в файле ecodpo.ru/abakan/analiticheskaya-khimiya-pp/index.html.
Thu Feb  5 12:08:19 MSK 2026: Ошибка при выполнении замены в файле ecodpo.ru/abakan/analiticheskaya-psikhologiya-pp/index.html.
Thu Feb  5 12:08:19 MSK 2026: Ошибка при выполнении замены в файле ecodpo.ru/abakan/analiticheskiy-kontrol-kachestva-khimicheskikh-soedineniy-pp/index.html.
Thu Feb  5 12:08:19 MSK 2026: Ошибка при выполнении замены в файле ecodpo.ru/abakan/analitik-pp/index.html.
Thu Feb  5 12:08:19 MSK 2026: Ошибка при выполнении замены в файле ecodpo.ru/abakan/analitika-dannykh-data-scientist-pp/index.html.
Thu Feb  5 12:08:19 MSK 2026: Ошибка при выполнении замены в файле ecodpo.ru/abakan/anderrayter-pp/index.html.
Thu Feb  5 12:08:19 MSK 2026: Ошибка при выполнении замены в файле ecodpo.ru/abakan/anesteziologiya-i-reanimatologiya-pp/index.html.
Thu Feb  5 12:08:19 MSK 2026: Ошибка при выполнении замены в файле ecodpo.ru/abakan/antikrizisnoe-upravlenie-pp/index.html.
Thu Feb  5 12:08:20 MSK 2026: Ошибка при выполнении замены в файле ecodpo.ru/abakan/antiterroristicheskaya-zashchishchennost-obektov-pp/index.html.
Thu Feb  5 12:08:20 MSK 2026: Ошибка при выполнении замены в файле ecodpo.ru/abakan/arkhitektura-course-pp/index.html.
Thu Feb  5 12:08:20 MSK 2026: Ошибка при выполнении замены в файле ecodpo.ru/abakan/arkhitektura-i-tekhnologiya-stroitelstva-pp/index.html.
Thu Feb  5 12:08:20 MSK 2026: Ошибка при выполнении замены в файле ecodpo.ru/abakan/arkhitektura-professionalnaya-perepodgotovka/index.html.
Thu Feb  5 12:08:20 MSK 2026: Ошибка при выполнении замены в файле ecodpo.ru/abakan/arkhitektura-programmnogo-obespecheniya-po-pp/index.html.
Thu Feb  5 12:08:20 MSK 2026: Ошибка при выполнении замены в файле ecodpo.ru/abakan/arkhitekturno-konstruktivnoe-proektirovanie-zdaniy-i-sooruzheniy-500-chasov-pp/index.html.
Thu Feb  5 12:08:20 MSK 2026: Ошибка при выполнении замены в файле ecodpo.ru/abakan/arkhitekturno-konstruktivnoe-proektirovanie-zdaniy-i-sooruzheniy-pp/index.html.
Thu Feb  5 12:08:20 MSK 2026: Ошибка при выполнении замены в файле ecodpo.ru/abakan/arkhitekturno-stroitelnoe-materialovedenie-pp/index.html.
Thu Feb  5 12:08:20 MSK 2026: Ошибка при выполнении замены в файле ecodpo.ru/abakan/arkhivnoe-delo-pp/index.html.
Thu Feb  5 12:08:20 MSK 2026: Ошибка при выполнении замены в файле ecodpo.ru/abakan/art-terapevt-pp/index.html.
Thu Feb  5 12:08:20 MSK 2026: Ошибка при выполнении замены в файле ecodpo.ru/abakan/atomnye-stantsii-proektirovanie-ekspluatatsiya-i-inzhiniring-pp/index.html.
Thu Feb  5 12:08:20 MSK 2026: Ошибка при выполнении замены в файле ecodpo.ru/abakan/audit-gosudarstvennogo-i-munitsipalnogo-upravleniya-pp/index.html.
Thu Feb  5 12:08:20 MSK 2026: Ошибка при выполнении замены в файле ecodpo.ru/abakan/auditor-pp/index.html.
Thu Feb  5 12:08:20 MSK 2026: Ошибка при выполнении замены в файле ecodpo.ru/abakan/auditor-smk-sistemy-menedzhmenta-kachestva-pp/index.html.
Thu Feb  5 12:08:20 MSK 2026: Ошибка при выполнении замены в файле ecodpo.ru/abakan/aviatsionnaya-i-kosmicheskaya-meditsina-vrachi-pp/index.html.
Thu Feb  5 12:08:20 MSK 2026: Ошибка при выполнении замены в файле ecodpo.ru/abakan/avtomatizatsiya-tekhnologicheskikh-protsessov-i-proizvodstv-pp/index.html.
Thu Feb  5 12:08:20 MSK 2026: Ошибка при выполнении замены в файле ecodpo.ru/abakan/avtomatizirovannaya-sistema-upravleniya-tekhnologicheskim-protsessom-asu-tp-pp/index.html.
Thu Feb  5 12:08:21 MSK 2026: Ошибка при выполнении замены в файле ecodpo.ru/abakan/avtomenedzher-menedzher-po-prodazham-avtomobiley-pp/index.html.
Thu Feb  5 12:08:21 MSK 2026: Ошибка при выполнении замены в файле ecodpo.ru/abakan/avtonomnaya-energetika-predpriyatiy-pp/index.html.
Thu Feb  5 12:08:21 MSK 2026: Ошибка при выполнении замены в файле ecodpo.ru/abakan/bakteriologiya-dlya-biologov-pp/index.html.
Thu Feb  5 12:08:21 MSK 2026: Ошибка при выполнении замены в файле ecodpo.ru/abakan/bakteriologiya-pp/index.html.
Thu Feb  5 12:08:21 MSK 2026: Ошибка при выполнении замены в файле ecodpo.ru/abakan/bakteriologiya-vrachi-pp/index.html.
Thu Feb  5 12:08:21 MSK 2026: Ошибка при выполнении замены в файле ecodpo.ru/abakan/bankovskiy-audit-pp/index.html.
Thu Feb  5 12:08:21 MSK 2026: Ошибка при выполнении замены в файле ecodpo.ru/abakan/bankovskoe-delo-pp/index.html.
Thu Feb  5 12:08:21 MSK 2026: Ошибка при выполнении замены в файле ecodpo.ru/abakan/bezopasnaya-ekspluatatsiya-attraktsionov-pp/index.html.
Thu Feb  5 12:08:21 MSK 2026: Ошибка при выполнении замены в файле ecodpo.ru/abakan/bezopasnaya-ekspluatatsiya-elektroustanovok-pp/index.html.
Thu Feb  5 12:08:21 MSK 2026: Ошибка при выполнении замены в файле ecodpo.ru/abakan/bezopasnost-i-ekspluatatsiya-gidrotekhnicheskikh-sooruzheniy-pp/index.html.
Thu Feb  5 12:08:21 MSK 2026: Ошибка при выполнении замены в файле ecodpo.ru/abakan/bezopasnost-stroitelstva-i-osushchestvlenie-stroitelnogo-kontrolya-pp/index.html.
Thu Feb  5 12:08:21 MSK 2026: Ошибка при выполнении замены в файле ecodpo.ru/abakan/bezopasnost-tekhnologicheskikh-professov-i-proizvodstv-pp/index.html.
Thu Feb  5 12:08:21 MSK 2026: Ошибка при выполнении замены в файле ecodpo.ru/abakan/bezopasnosti-informatsii-pp/index.html.
Thu Feb  5 12:08:21 MSK 2026: Ошибка при выполнении замены в файле ecodpo.ru/abakan/bibliotechnoe-delo-pp/index.html.
Thu Feb  5 12:08:21 MSK 2026: Ошибка при выполнении замены в файле ecodpo.ru/abakan/bioinzheneriya-pp/index.html.
Thu Feb  5 12:08:21 MSK 2026: Ошибка при выполнении замены в файле ecodpo.ru/abakan/biolog-pp/index.html.
Thu Feb  5 12:08:21 MSK 2026: Ошибка при выполнении замены в файле ecodpo.ru/abakan/biotekhnologiya-pp/index.html.
Thu Feb  5 12:08:22 MSK 2026: Ошибка при выполнении замены в файле ecodpo.ru/abakan/biznes-analitik-pp/index.html.
Thu Feb  5 12:08:22 MSK 2026: Ошибка при выполнении замены в файле ecodpo.ru/abakan/biznes-informatika-pp/index.html.
Thu Feb  5 12:08:22 MSK 2026: Ошибка при выполнении замены в файле ecodpo.ru/abakan/biznes-psikhologiya-pp/index.html.
Thu Feb  5 12:08:22 MSK 2026: Ошибка при выполнении замены в файле ecodpo.ru/abakan/biznes-trener-pp/index.html.
Thu Feb  5 12:08:22 MSK 2026: Ошибка при выполнении замены в файле ecodpo.ru/abakan/bukhgalter-1s-pp/index.html.
Thu Feb  5 12:08:22 MSK 2026: Ошибка при выполнении замены в файле ecodpo.ru/abakan/bukhgalter-ekonomist-pp/index.html.
Thu Feb  5 12:08:22 MSK 2026: Ошибка при выполнении замены в файле ecodpo.ru/abakan/bukhgalter-kalkulyator-pp/index.html.
Thu Feb  5 12:08:22 MSK 2026: Ошибка при выполнении замены в файле ecodpo.ru/abakan/bukhgalter-kommercheskoy-organizatsii-pp/index.html.
Thu Feb  5 12:08:22 MSK 2026: Ошибка при выполнении замены в файле ecodpo.ru/abakan/bukhgalter-na-baze-vysshego-obrazovaniya-distantsionno-pp/index.html.
Thu Feb  5 12:08:22 MSK 2026: Ошибка при выполнении замены в файле ecodpo.ru/abakan/bukhgalter-po-zarabotnoy-plate-pp/index.html.
Thu Feb  5 12:08:22 MSK 2026: Ошибка при выполнении замены в файле ecodpo.ru/abakan/bukhgalter-pp/index.html.
Thu Feb  5 12:08:22 MSK 2026: Ошибка при выполнении замены в файле ecodpo.ru/abakan/bukhgalter-v-byudzhetnoe-uchrezhdenie-pp/index.html.
Thu Feb  5 12:08:22 MSK 2026: Ошибка при выполнении замены в файле ecodpo.ru/abakan/bukhgalter-ved-pp/index.html.
Thu Feb  5 12:08:22 MSK 2026: Ошибка при выполнении замены в файле ecodpo.ru/abakan/bukhgaltersiy-uchet-v-byudzhetnykh-uchrezhdeniyakh-pp/index.html.
Thu Feb  5 12:08:22 MSK 2026: Ошибка при выполнении замены в файле ecodpo.ru/abakan/bukhgalterskiy-uchet-analiz-i-audit-pp/index.html.
Thu Feb  5 12:08:22 MSK 2026: Ошибка при выполнении замены в файле ecodpo.ru/abakan/bukhgalterskiy-uchet-audit-i-analiz-pp/index.html.
Thu Feb  5 12:08:23 MSK 2026: Ошибка при выполнении замены в файле ecodpo.ru/abakan/bukhgalterskiy-uchet-i-kontrol-ekonomika-byudzhetirovanie-pp/index.html.
Thu Feb  5 12:08:23 MSK 2026: Ошибка при выполнении замены в файле ecodpo.ru/abakan/bukhgalterskiy-uchet-i-nalogooblazhenie-dlya-organizatsiy-zdravookhraneniya-pp/index.html.
Thu Feb  5 12:08:23 MSK 2026: Ошибка при выполнении замены в файле ecodpo.ru/abakan/bukhgalterskiy-uchet-i-nalogooblozhenie-pp/index.html.
Thu Feb  5 12:08:23 MSK 2026: Ошибка при выполнении замены в файле ecodpo.ru/abakan/bukhgalterskiy-uchet-pp/index.html.
Thu Feb  5 12:08:23 MSK 2026: Ошибка при выполнении замены в файле ecodpo.ru/abakan/bukhgalterskiy-uchet-v-gosudarstvennykh-organakh-pp/index.html.
Thu Feb  5 12:08:23 MSK 2026: Ошибка при выполнении замены в файле ecodpo.ru/abakan/bukhgalterskoe-delo-professionalnaya-perepodgotovka/index.html.
Thu Feb  5 12:08:23 MSK 2026: Ошибка при выполнении замены в файле ecodpo.ru/abakan/burenie-neftyanykh-i-gazovykh-skvazhin-pp/index.html.
Thu Feb  5 12:08:23 MSK 2026: Ошибка при выполнении замены в файле ecodpo.ru/abakan/burovoy-supervayzer-pp/index.html.
Thu Feb  5 12:08:23 MSK 2026: Ошибка при выполнении замены в файле ecodpo.ru/abakan/chaynyy-somele-pp/index.html.
Thu Feb  5 12:08:23 MSK 2026: Ошибка при выполнении замены в файле ecodpo.ru/abakan/chelyustno-litsevaya-khirurgiya-vrachi-pp/index.html.
Thu Feb  5 12:08:23 MSK 2026: Ошибка при выполнении замены в файле ecodpo.ru/abakan/chernaya-metallurgiya-pp/index.html.
Thu Feb  5 12:08:23 MSK 2026: Ошибка при выполнении замены в файле ecodpo.ru/abakan/cpetsialist-po-ispytaniyam-raketnykh-dvigateley-pp/index.html.
Thu Feb  5 12:08:23 MSK 2026: Ошибка при выполнении замены в файле ecodpo.ru/abakan/defektologiya-pp/index.html.
Thu Feb  5 12:08:23 MSK 2026: Ошибка при выполнении замены в файле ecodpo.ru/abakan/deloproizvoditel-pp/index.html.
Thu Feb  5 12:08:23 MSK 2026: Ошибка при выполнении замены в файле ecodpo.ru/abakan/deloproizvodstvo-i-dokumentooborot-pp/index.html.
Thu Feb  5 12:08:23 MSK 2026: Ошибка при выполнении замены в файле ecodpo.ru/abakan/deloproizvodstvo-pp/index.html.
Thu Feb  5 12:08:23 MSK 2026: Ошибка при выполнении замены в файле ecodpo.ru/abakan/demograf-pp/index.html.
Thu Feb  5 12:08:24 MSK 2026: Ошибка при выполнении замены в файле ecodpo.ru/abakan/dermatovenerologiya-vrachi-pp/index.html.
Thu Feb  5 12:08:24 MSK 2026: Ошибка при выполнении замены в файле ecodpo.ru/abakan/detskaya-endokrinologiya-vrachi-pp/index.html.
Thu Feb  5 12:08:24 MSK 2026: Ошибка при выполнении замены в файле ecodpo.ru/abakan/detskaya-kardiologiya-vrachi-pp/index.html.
Thu Feb  5 12:08:24 MSK 2026: Ошибка при выполнении замены в файле ecodpo.ru/abakan/detskaya-khirurgiya-vrachi-pp/index.html.
Thu Feb  5 12:08:24 MSK 2026: Ошибка при выполнении замены в файле ecodpo.ru/abakan/detskaya-klinicheskaya-psikhologiya-pp/index.html.
Thu Feb  5 12:08:24 MSK 2026: Ошибка при выполнении замены в файле ecodpo.ru/abakan/detskaya-nevrologiya-pp/index.html.
Thu Feb  5 12:08:24 MSK 2026: Ошибка при выполнении замены в файле ecodpo.ru/abakan/detskaya-neyropsikhologiya-pp/index.html.
Thu Feb  5 12:08:24 MSK 2026: Ошибка при выполнении замены в файле ecodpo.ru/abakan/detskaya-onkologiya-vrachi-pp/index.html.
Thu Feb  5 12:08:24 MSK 2026: Ошибка при выполнении замены в файле ecodpo.ru/abakan/detskaya-stomatologiya-pp/index.html.
Thu Feb  5 12:08:24 MSK 2026: Ошибка при выполнении замены в файле ecodpo.ru/abakan/detskaya-travmatologiya-i-ortopediya-pp/index.html.
Thu Feb  5 12:08:24 MSK 2026: Ошибка при выполнении замены в файле ecodpo.ru/abakan/detskaya-urologiya-andrologiya-vrachi-pp/index.html.
Thu Feb  5 12:08:24 MSK 2026: Ошибка при выполнении замены в файле ecodpo.ru/abakan/detskiy-fitnes-pp/index.html.
Thu Feb  5 12:08:24 MSK 2026: Ошибка при выполнении замены в файле ecodpo.ru/abakan/detskiy-psikholog-pp/index.html.
Thu Feb  5 12:08:24 MSK 2026: Ошибка при выполнении замены в файле ecodpo.ru/abakan/dezinfektologiya-vrachi-pp/index.html.
Thu Feb  5 12:08:24 MSK 2026: Ошибка при выполнении замены в файле ecodpo.ru/abakan/dezinfektsionnoe-delo-sredniy-med-personal-pp/index.html.
Thu Feb  5 12:08:24 MSK 2026: Ошибка при выполнении замены в файле ecodpo.ru/abakan/dietologiya-pp/index.html.
Thu Feb  5 12:08:24 MSK 2026: Ошибка при выполнении замены в файле ecodpo.ru/abakan/dietologiya-spo-pp/index.html.
Thu Feb  5 12:08:25 MSK 2026: Ошибка при выполнении замены в файле ecodpo.ru/abakan/direktor-muzeya-pp/index.html.
Thu Feb  5 12:08:25 MSK 2026: Ошибка при выполнении замены в файле ecodpo.ru/abakan/direktor-po-bezopasnosti-pp/index.html.
Thu Feb  5 12:08:25 MSK 2026: Ошибка при выполнении замены в файле ecodpo.ru/abakan/direktor-po-marketingu-pp/index.html.
Thu Feb  5 12:08:25 MSK 2026: Ошибка при выполнении замены в файле ecodpo.ru/abakan/direktor-shkoly-direktor-obrazovatelnoy-organizatsii-pp/index.html.
Thu Feb  5 12:08:25 MSK 2026: Ошибка при выполнении замены в файле ecodpo.ru/abakan/dispetcher-avtomobilnogo-i-gorodskogo-nazemnogo-elektricheskogo-transporta-pp/index.html.
Thu Feb  5 12:08:25 MSK 2026: Ошибка при выполнении замены в файле ecodpo.ru/abakan/dispetcher-avtomobilnogo-transporta-pp/index.html.
Thu Feb  5 12:08:25 MSK 2026: Ошибка при выполнении замены в файле ecodpo.ru/abakan/dispetcherizatsiya-avtomatizatsiya-i-upravlenie-inzhenernymi-sistemami-pp/index.html.
Thu Feb  5 12:08:25 MSK 2026: Ошибка при выполнении замены в файле ecodpo.ru/abakan/dizayn-arhitekturnoi-sredy-pp/index.html.
Thu Feb  5 12:08:25 MSK 2026: Ошибка при выполнении замены в файле ecodpo.ru/abakan/dizayn-interera-pp/index.html.
Thu Feb  5 12:08:25 MSK 2026: Ошибка при выполнении замены в файле ecodpo.ru/abakan/dizayn-odezhdy-pp/index.html.
Thu Feb  5 12:08:25 MSK 2026: Ошибка при выполнении замены в файле ecodpo.ru/abakan/dizayn-professionalnaya-perepodgotovka/index.html.
Thu Feb  5 12:08:25 MSK 2026: Ошибка при выполнении замены в файле ecodpo.ru/abakan/dizayner-avtomobilestroeniya-pp/index.html.
Thu Feb  5 12:08:25 MSK 2026: Ошибка при выполнении замены в файле ecodpo.ru/abakan/dizayner-interera-pp/index.html.
Thu Feb  5 12:08:25 MSK 2026: Ошибка при выполнении замены в файле ecodpo.ru/abakan/dogovornoe-pravo-pp/index.html.
Thu Feb  5 12:08:25 MSK 2026: Ошибка при выполнении замены в файле ecodpo.ru/abakan/dokumentatsionnoe-obespechenie-upravleniya-pp/index.html.
Thu Feb  5 12:08:25 MSK 2026: Ошибка при выполнении замены в файле ecodpo.ru/abakan/dokumentooborot-pp/index.html.
Thu Feb  5 12:08:25 MSK 2026: Ошибка при выполнении замены в файле ecodpo.ru/abakan/dokumentovedenie-i-arkhivovedenie-pp/index.html.
Thu Feb  5 12:08:26 MSK 2026: Ошибка при выполнении замены в файле ecodpo.ru/abakan/dokumentovedenie-pp/index.html.
Thu Feb  5 12:08:26 MSK 2026: Ошибка при выполнении замены в файле ecodpo.ru/abakan/dorozhnoe-stroitelstvo-pp/index.html.
Thu Feb  5 12:08:26 MSK 2026: Ошибка при выполнении замены в файле ecodpo.ru/abakan/doshkolnaya-pedagogika-pp/index.html.
Thu Feb  5 12:08:26 MSK 2026: Ошибка при выполнении замены в файле ecodpo.ru/abakan/dramaturgiya-stsenarist-pp/index.html.
Thu Feb  5 12:08:26 MSK 2026: Ошибка при выполнении замены в файле ecodpo.ru/abakan/ekolog-v-stroitelstve-pp/index.html.
Thu Feb  5 12:08:26 MSK 2026: Ошибка при выполнении замены в файле ecodpo.ru/abakan/ekologicheskaya-bezopasnost-professionalnaya-perepodgotovka/index.html.
Thu Feb  5 12:08:26 MSK 2026: Ошибка при выполнении замены в файле ecodpo.ru/abakan/ekologicheskiy-audit-pp/index.html.
Thu Feb  5 12:08:26 MSK 2026: Ошибка при выполнении замены в файле ecodpo.ru/abakan/ekologiya-i-okhrana-okruzhayushchey-sredy-pp/index.html.
Thu Feb  5 12:08:26 MSK 2026: Ошибка при выполнении замены в файле ecodpo.ru/abakan/ekologiya-pp/index.html.
Thu Feb  5 12:08:26 MSK 2026: Ошибка при выполнении замены в файле ecodpo.ru/abakan/ekonomicheskaya-bezopasnost-pp/index.html.
Thu Feb  5 12:08:26 MSK 2026: Ошибка при выполнении замены в файле ecodpo.ru/abakan/ekonomika-i-finansy-professionalnaya-perepodgotovka/index.html.
Thu Feb  5 12:08:26 MSK 2026: Ошибка при выполнении замены в файле ecodpo.ru/abakan/ekonomika-i-upravlenie-pp/index.html.
Thu Feb  5 12:08:26 MSK 2026: Ошибка при выполнении замены в файле ecodpo.ru/abakan/ekonomika-i-upravlenie-predpriyatiem-pp/index.html.
Thu Feb  5 12:08:26 MSK 2026: Ошибка при выполнении замены в файле ecodpo.ru/abakan/ekonomika-i-upravlenie-turizmom-i-gostinichnym-khozyaystvom-pp/index.html.
Thu Feb  5 12:08:26 MSK 2026: Ошибка при выполнении замены в файле ecodpo.ru/abakan/ekonomika-i-upravlenie-v-elektroenergetike-pp/index.html.
Thu Feb  5 12:08:26 MSK 2026: Ошибка при выполнении замены в файле ecodpo.ru/abakan/ekonomika-i-upravlenie-v-investitsionno-stroitelnoy-sfere-pp/index.html.
Thu Feb  5 12:08:27 MSK 2026: Ошибка при выполнении замены в файле ecodpo.ru/abakan/ekonomika-i-upravlenie-v-sfere-kultury-obrazovaniya-i-nauki-pp/index.html.
Thu Feb  5 12:08:27 MSK 2026: Ошибка при выполнении замены в файле ecodpo.ru/abakan/ekonomika-i-upravlenie-v-stroitelstve-pp/index.html.
Thu Feb  5 12:08:27 MSK 2026: Ошибка при выполнении замены в файле ecodpo.ru/abakan/ekonomika-i-upravleniyu-v-zdravookhranenii-pp/index.html.
Thu Feb  5 12:08:27 MSK 2026: Ошибка при выполнении замены в файле ecodpo.ru/abakan/ekonomika-sporta-i-sportivnyy-biznes-pp/index.html.
Thu Feb  5 12:08:27 MSK 2026: Ошибка при выполнении замены в файле ecodpo.ru/abakan/ekonomika-truda-pp/index.html.
Thu Feb  5 12:08:27 MSK 2026: Ошибка при выполнении замены в файле ecodpo.ru/abakan/ekonomika-v-stroitelstve-pp/index.html.
Thu Feb  5 12:08:27 MSK 2026: Ошибка при выполнении замены в файле ecodpo.ru/abakan/ekonomist-analitik-pp/index.html.
Thu Feb  5 12:08:27 MSK 2026: Ошибка при выполнении замены в файле ecodpo.ru/abakan/ekonomist-organizatsii-byudzhetnoy-sfery-pp/index.html.
Thu Feb  5 12:08:27 MSK 2026: Ошибка при выполнении замены в файле ecodpo.ru/abakan/ekskursovod-gid-pp/index.html.
Thu Feb  5 12:08:27 MSK 2026: Ошибка при выполнении замены в файле ecodpo.ru/abakan/ekskursovod-perevodchik-pp/index.html.
Thu Feb  5 12:08:27 MSK 2026: Ошибка при выполнении замены в файле ecodpo.ru/abakan/ekspert-pishchevoy-produktsii-pp/index.html.
Thu Feb  5 12:08:27 MSK 2026: Ошибка при выполнении замены в файле ecodpo.ru/abakan/ekspert-po-analizu-faktorov-usloviy-truda-pp/index.html.
Thu Feb  5 12:08:27 MSK 2026: Ошибка при выполнении замены в файле ecodpo.ru/abakan/ekspert-po-tekhnicheskomu-kontrolyu-i-diagnostike-avtomototransportnykh-sredstv-pp/index.html.
Thu Feb  5 12:08:27 MSK 2026: Ошибка при выполнении замены в файле ecodpo.ru/abakan/ekspert-v-sfere-zakupok-pp/index.html.
Thu Feb  5 12:08:27 MSK 2026: Ошибка при выполнении замены в файле ecodpo.ru/abakan/ekspertiza-i-otsenka-professionalnaya-perepodgotovka/index.html.
Thu Feb  5 12:08:27 MSK 2026: Ошибка при выполнении замены в файле ecodpo.ru/abakan/ekspertiza-i-upravlenie-nedvizhimostyu-pp/index.html.
Thu Feb  5 12:08:27 MSK 2026: Ошибка при выполнении замены в файле ecodpo.ru/abakan/ekspertiza-i-upravlenie-zemelnymi-resursami-pp/index.html.
Thu Feb  5 12:08:28 MSK 2026: Ошибка при выполнении замены в файле ecodpo.ru/abakan/ekspertiza-kachestva-remonta-transportnykh-sredstv-pp/index.html.
Thu Feb  5 12:08:28 MSK 2026: Ошибка при выполнении замены в файле ecodpo.ru/abakan/ekspluatatsiya-avtomobilnogo-transporta-pp/index.html.
Thu Feb  5 12:08:28 MSK 2026: Ошибка при выполнении замены в файле ecodpo.ru/abakan/ekspluatatsiya-bespilotnykh-aviatsionnykh-sistem-pp/index.html.
Thu Feb  5 12:08:28 MSK 2026: Ошибка при выполнении замены в файле ecodpo.ru/abakan/ekspluatatsiya-bespilotnykh-letatelnykh-apparatov-pp/index.html.
Thu Feb  5 12:08:28 MSK 2026: Ошибка при выполнении замены в файле ecodpo.ru/abakan/ekspluatatsiya-detskikh-ploshchadok-pp/index.html.
Thu Feb  5 12:08:28 MSK 2026: Ошибка при выполнении замены в файле ecodpo.ru/abakan/ekspluatatsiya-diagnostika-i-remont-elektrooborudovaniya-pp/index.html.
Thu Feb  5 12:08:28 MSK 2026: Ошибка при выполнении замены в файле ecodpo.ru/abakan/ekspluatatsiya-dizelnykh-generatorov-pp/index.html.
Thu Feb  5 12:08:28 MSK 2026: Ошибка при выполнении замены в файле ecodpo.ru/abakan/ekspluatatsiya-dorozhnykh-mashin-pp/index.html.
Thu Feb  5 12:08:28 MSK 2026: Ошибка при выполнении замены в файле ecodpo.ru/abakan/ekspluatatsiya-elektricheskogo-i-elektromekhanicheskogo-oborudovaniya-pp/index.html.
Thu Feb  5 12:08:28 MSK 2026: Ошибка при выполнении замены в файле ecodpo.ru/abakan/ekspluatatsiya-elektroustanovok-potrebiteley-pp/index.html.
Thu Feb  5 12:08:28 MSK 2026: Ошибка при выполнении замены в файле ecodpo.ru/abakan/ekspluatatsiya-elektroustanovok-pp/index.html.
Thu Feb  5 12:08:28 MSK 2026: Ошибка при выполнении замены в файле ecodpo.ru/abakan/ekspluatatsiya-i-obsluzhivanie-obektov-dobychi-gaza-gazokondensata-i-podzemnykh-khranilishch-pp/index.html.
Thu Feb  5 12:08:28 MSK 2026: Ошибка при выполнении замены в файле ecodpo.ru/abakan/ekspluatatsiya-i-obsluzhivanie-obektov-dobychi-nefti-pp/index.html.
Thu Feb  5 12:08:28 MSK 2026: Ошибка при выполнении замены в файле ecodpo.ru/abakan/ekspluatatsiya-i-obsluzhivanie-obektov-nefti-i-gaza-pp/index.html.
Thu Feb  5 12:08:28 MSK 2026: Ошибка при выполнении замены в файле ecodpo.ru/abakan/ekspluatatsiya-i-obsluzhivanie-obektov-transporta-i-khraneniya-nefti-gaza-i-produktov-pererabotki-pp/index.html.
Thu Feb  5 12:08:28 MSK 2026: Ошибка при выполнении замены в файле ecodpo.ru/abakan/ekspluatatsiya-i-remont-avtomobiley-pp/index.html.
Thu Feb  5 12:08:28 MSK 2026: Ошибка при выполнении замены в файле ecodpo.ru/abakan/ekspluatatsiya-i-remont-kholodilnogo-oborudovaniya-pp/index.html.
Thu Feb  5 12:08:29 MSK 2026: Ошибка при выполнении замены в файле ecodpo.ru/abakan/ekspluatatsiya-i-remont-promyshlennogo-i-bytovogo-kholodilnogo-oborudovaniya-pp/index.html.
Thu Feb  5 12:08:29 MSK 2026: Ошибка при выполнении замены в файле ecodpo.ru/abakan/ekspluatatsiya-informatsionnykh-sistem-pp/index.html.
Thu Feb  5 12:08:29 MSK 2026: Ошибка при выполнении замены в файле ecodpo.ru/abakan/ekspluatatsiya-inzhenernykh-sistem-pp/index.html.
Thu Feb  5 12:08:29 MSK 2026: Ошибка при выполнении замены в файле ecodpo.ru/abakan/ekspluatatsiya-krupnykh-informatsionnykh-sistem-na-platforme-1s-pp/index.html.
Thu Feb  5 12:08:29 MSK 2026: Ошибка при выполнении замены в файле ecodpo.ru/abakan/ekspluatatsiya-krupnykh-informatsionnykh-sistem-pp/index.html.
Thu Feb  5 12:08:29 MSK 2026: Ошибка при выполнении замены в файле ecodpo.ru/abakan/ekspluatatsiya-letatelnykh-apparatov-i-dvigateley-pp/index.html.
Thu Feb  5 12:08:29 MSK 2026: Ошибка при выполнении замены в файле ecodpo.ru/abakan/ekspluatatsiya-morskikh-informatsionnykh-sistem-pp/index.html.
Thu Feb  5 12:08:29 MSK 2026: Ошибка при выполнении замены в файле ecodpo.ru/abakan/ekspluatatsiya-obektov-zhkkh-pp/index.html.
Thu Feb  5 12:08:29 MSK 2026: Ошибка при выполнении замены в файле ecodpo.ru/abakan/ekspluatatsiya-parovykh-sterilizatorov-pp/index.html.
Thu Feb  5 12:08:29 MSK 2026: Ошибка при выполнении замены в файле ecodpo.ru/abakan/ekspluatatsiya-podemnykh-sooruzheniy-dlya-lyudey-pp/index.html.
Thu Feb  5 12:08:29 MSK 2026: Ошибка при выполнении замены в файле ecodpo.ru/abakan/ekspluatatsiya-podvizhnogo-sostava-pp/index.html.
Thu Feb  5 12:08:29 MSK 2026: Ошибка при выполнении замены в файле ecodpo.ru/abakan/ekspluatatsiya-professionalnaya-perepodgotovka/index.html.
Thu Feb  5 12:08:29 MSK 2026: Ошибка при выполнении замены в файле ecodpo.ru/abakan/ekspluatatsiya-selskokhozyaystvennoy-tekhniki-pp/index.html.
Thu Feb  5 12:08:29 MSK 2026: Ошибка при выполнении замены в файле ecodpo.ru/abakan/ekspluatatsiya-stroitelnykh-mashin-pp/index.html.
Thu Feb  5 12:08:29 MSK 2026: Ошибка при выполнении замены в файле ecodpo.ru/abakan/ekspluatatsiya-teplovykh-energoustanovok-i-teplovykh-setey-pp/index.html.
Thu Feb  5 12:08:29 MSK 2026: Ошибка при выполнении замены в файле ecodpo.ru/abakan/ekspluatatsiya-teplovykh-energoustanovok-pp/index.html.
Thu Feb  5 12:08:30 MSK 2026: Ошибка при выполнении замены в файле ecodpo.ru/abakan/ekspluatatsiya-transporta-pp/index.html.
Thu Feb  5 12:08:30 MSK 2026: Ошибка при выполнении замены в файле ecodpo.ru/abakan/ekspluatatsiya-transportno-tekhnologicheskikh-mashin-i-kompleksov-pp/index.html.
Thu Feb  5 12:08:30 MSK 2026: Ошибка при выполнении замены в файле ecodpo.ru/abakan/ekspluatatsiya-transportnogo-elektrooborudovaniya-i-avtomatiki-pp/index.html.
Thu Feb  5 12:08:30 MSK 2026: Ошибка при выполнении замены в файле ecodpo.ru/abakan/ekspluatatsiya-transportnykh-sredstv-pp/index.html.
Thu Feb  5 12:08:30 MSK 2026: Ошибка при выполнении замены в файле ecodpo.ru/abakan/ekspluatatsiya-ustanovok-dlya-additivnogo-proizvodstva-pp/index.html.
Thu Feb  5 12:08:30 MSK 2026: Ошибка при выполнении замены в файле ecodpo.ru/abakan/ekspluatatsiya-vnutrennikh-vodnykh-putey-pp/index.html.
Thu Feb  5 12:08:30 MSK 2026: Ошибка при выполнении замены в файле ecodpo.ru/abakan/ekspluatatsiya-zdaniy-i-sooruzheniy-pp/index.html.
Thu Feb  5 12:08:30 MSK 2026: Ошибка при выполнении замены в файле ecodpo.ru/abakan/ekspluatatsiya-zheleznodorozhnogo-transporta-pp/index.html.
Thu Feb  5 12:08:30 MSK 2026: Ошибка при выполнении замены в файле ecodpo.ru/abakan/ekspluatatsiya-zheleznykh-dorog-pp/index.html.
Thu Feb  5 12:08:30 MSK 2026: Ошибка при выполнении замены в файле ecodpo.ru/abakan/ekstremalnaya-psikhologiya-pp/index.html.
Thu Feb  5 12:08:30 MSK 2026: Ошибка при выполнении замены в файле ecodpo.ru/abakan/elektricheskie-seti-pp/index.html.
Thu Feb  5 12:08:30 MSK 2026: Ошибка при выполнении замены в файле ecodpo.ru/abakan/elektrifikatsiya-selskogo-khozyaystva-spetsialnost-pp/index.html.
Thu Feb  5 12:08:30 MSK 2026: Ошибка при выполнении замены в файле ecodpo.ru/abakan/elektrobezopasnost-professionalnaya-perepodgotovka/index.html.
Thu Feb  5 12:08:30 MSK 2026: Ошибка при выполнении замены в файле ecodpo.ru/abakan/elektroenergeticheskie-sistemy-i-seti-pp/index.html.
Thu Feb  5 12:08:30 MSK 2026: Ошибка при выполнении замены в файле ecodpo.ru/abakan/elektroenergetika-i-elektrotekhnika-pp/index.html.
Thu Feb  5 12:08:30 MSK 2026: Ошибка при выполнении замены в файле ecodpo.ru/abakan/elektrokhimicheskoe-proizvodstvo-pp/index.html.
Thu Feb  5 12:08:30 MSK 2026: Ошибка при выполнении замены в файле ecodpo.ru/abakan/elektromekhanika-pp/index.html.
Thu Feb  5 12:08:31 MSK 2026: Ошибка при выполнении замены в файле ecodpo.ru/abakan/elektromonter-po-ekspluatatsii-elektroschetchikov-pp/index.html.
Thu Feb  5 12:08:31 MSK 2026: Ошибка при выполнении замены в файле ecodpo.ru/abakan/elektronika-i-skhemotekhnika-pp/index.html.
Thu Feb  5 12:08:31 MSK 2026: Ошибка при выполнении замены в файле ecodpo.ru/abakan/elektroprivod-i-avtomatika-promyshlennykh-ustanovok-i-tekhnologicheskikh-kompleksov-pp/index.html.
Thu Feb  5 12:08:31 MSK 2026: Ошибка при выполнении замены в файле ecodpo.ru/abakan/elektrosnabzhenie-i-energosberezhenie-pp/index.html.
Thu Feb  5 12:08:31 MSK 2026: Ошибка при выполнении замены в файле ecodpo.ru/abakan/elektrosnabzhenie-pp/index.html.
Thu Feb  5 12:08:31 MSK 2026: Ошибка при выполнении замены в файле ecodpo.ru/abakan/elektrotekhnika-elektromekhanika-i-elektrotekhnologii-pp/index.html.
Thu Feb  5 12:08:31 MSK 2026: Ошибка при выполнении замены в файле ecodpo.ru/abakan/endokrinologiya-vrachi-pp/index.html.
Thu Feb  5 12:08:31 MSK 2026: Ошибка при выполнении замены в файле ecodpo.ru/abakan/endoskopiya-pp/index.html.
Thu Feb  5 12:08:31 MSK 2026: Ошибка при выполнении замены в файле ecodpo.ru/abakan/energeticheskiy-menedzhment-i-energoaudit-pp/index.html.
Thu Feb  5 12:08:31 MSK 2026: Ошибка при выполнении замены в файле ecodpo.ru/abakan/energeticheskiy-menedzhment-pp/index.html.
Thu Feb  5 12:08:31 MSK 2026: Ошибка при выполнении замены в файле ecodpo.ru/abakan/energetika-i-elektronika-pp/index.html.
Thu Feb  5 12:08:31 MSK 2026: Ошибка при выполнении замены в файле ecodpo.ru/abakan/energetika-i-teploenergetika-pp/index.html.
Thu Feb  5 12:08:31 MSK 2026: Ошибка при выполнении замены в файле ecodpo.ru/abakan/energetika-professionalnaya-perepodgotovka/index.html.
Thu Feb  5 12:08:31 MSK 2026: Ошибка при выполнении замены в файле ecodpo.ru/abakan/energoaudit-zdaniy-i-sooruzheniy-pp/index.html.
Thu Feb  5 12:08:31 MSK 2026: Ошибка при выполнении замены в файле ecodpo.ru/abakan/energoobespechenie-energosnabzhenie-predpriyatiy-pp/index.html.
Thu Feb  5 12:08:31 MSK 2026: Ошибка при выполнении замены в файле ecodpo.ru/abakan/energoobespechenie-predpriyatiy-metallurgicheskogo-kompleksa--pp/index.html.
Thu Feb  5 12:08:32 MSK 2026: Ошибка при выполнении замены в файле ecodpo.ru/abakan/energoobespechenie-promyshlennykh-predpriyatiy-pp/index.html.
Thu Feb  5 12:08:32 MSK 2026: Ошибка при выполнении замены в файле ecodpo.ru/abakan/energosberezhenie-v-teploenergetike-pp/index.html.
Thu Feb  5 12:08:32 MSK 2026: Ошибка при выполнении замены в файле ecodpo.ru/abakan/energosbytovaya-deyatelnost-pp/index.html.
Thu Feb  5 12:08:32 MSK 2026: Ошибка при выполнении замены в файле ecodpo.ru/abakan/event-menedzhment-pp/index.html.
Thu Feb  5 12:08:32 MSK 2026: Ошибка при выполнении замены в файле ecodpo.ru/abakan/farmatsevticheskaya-khimiya-i-farmakognoziya-vpo-pp/index.html.
Thu Feb  5 12:08:32 MSK 2026: Ошибка при выполнении замены в файле ecodpo.ru/abakan/farmatsevticheskaya-tekhnologiya-pp/index.html.
Thu Feb  5 12:08:32 MSK 2026: Ошибка при выполнении замены в файле ecodpo.ru/abakan/farmatsevticheskiy-marketing-pp/index.html.
Thu Feb  5 12:08:32 MSK 2026: Ошибка при выполнении замены в файле ecodpo.ru/abakan/farmatsiya-professionalnaya-perepodgotovka/index.html.
Thu Feb  5 12:08:32 MSK 2026: Ошибка при выполнении замены в файле ecodpo.ru/abakan/feldsher-pp/index.html.
Thu Feb  5 12:08:32 MSK 2026: Ошибка при выполнении замены в файле ecodpo.ru/abakan/fermerskoe-khozyaystvo-pp/index.html.
Thu Feb  5 12:08:32 MSK 2026: Ошибка при выполнении замены в файле ecodpo.ru/abakan/filologiya-pp/index.html.
Thu Feb  5 12:08:32 MSK 2026: Ошибка при выполнении замены в файле ecodpo.ru/abakan/finansovyy-analitik-pp/index.html.
Thu Feb  5 12:08:32 MSK 2026: Ошибка при выполнении замены в файле ecodpo.ru/abakan/finansovyy-direktor-pp/index.html.
Thu Feb  5 12:08:32 MSK 2026: Ошибка при выполнении замены в файле ecodpo.ru/abakan/finansovyy-konsultant-spetsialist-po-finansovomu-konsultirovaniyu-pp/index.html.
Thu Feb  5 12:08:32 MSK 2026: Ошибка при выполнении замены в файле ecodpo.ru/abakan/finansovyy-menedzhment-pp/index.html.
Thu Feb  5 12:08:32 MSK 2026: Ошибка при выполнении замены в файле ecodpo.ru/abakan/finansovyy-menedzhment-v-gosudarstvennykh-uchrezhdeniyakh-pp/index.html.
Thu Feb  5 12:08:32 MSK 2026: Ошибка при выполнении замены в файле ecodpo.ru/abakan/finansy-i-kredit-pp/index.html.
Thu Feb  5 12:08:33 MSK 2026: Ошибка при выполнении замены в файле ecodpo.ru/abakan/fitnes-nutritsiolog-pp/index.html.
Thu Feb  5 12:08:33 MSK 2026: Ошибка при выполнении замены в файле ecodpo.ru/abakan/fizicheskaya-i-reabilitatsionnaya-meditsina-pp/index.html.
Thu Feb  5 12:08:33 MSK 2026: Ошибка при выполнении замены в файле ecodpo.ru/abakan/fizicheskaya-kultura-v-doshkolnykh-uchrezhdeniyakh-pp/index.html.
Thu Feb  5 12:08:33 MSK 2026: Ошибка при выполнении замены в файле ecodpo.ru/abakan/fizioterapiya-pp/index.html.
Thu Feb  5 12:08:33 MSK 2026: Ошибка при выполнении замены в файле ecodpo.ru/abakan/fizioterapiya-sredniy-med-personal-pp/index.html.
Thu Feb  5 12:08:33 MSK 2026: Ошибка при выполнении замены в файле ecodpo.ru/abakan/fizkultura-i-sport-pp/index.html.
Thu Feb  5 12:08:33 MSK 2026: Ошибка при выполнении замены в файле ecodpo.ru/abakan/fizkultura-i-sport-professionalnaya-perepodgotovka/index.html.
Thu Feb  5 12:08:33 MSK 2026: Ошибка при выполнении замены в файле ecodpo.ru/abakan/fotograf-pp/index.html.
Thu Feb  5 12:08:33 MSK 2026: Ошибка при выполнении замены в файле ecodpo.ru/abakan/fotozhurnalist-pp/index.html.
Thu Feb  5 12:08:33 MSK 2026: Ошибка при выполнении замены в файле ecodpo.ru/abakan/frilanser-pp/index.html.
Thu Feb  5 12:08:33 MSK 2026: Ошибка при выполнении замены в файле ecodpo.ru/abakan/ftiziatriya-vrachi-pp/index.html.
Thu Feb  5 12:08:33 MSK 2026: Ошибка при выполнении замены в файле ecodpo.ru/abakan/funktsionalnaya-diagnostika-pp/index.html.
Thu Feb  5 12:08:33 MSK 2026: Ошибка при выполнении замены в файле ecodpo.ru/abakan/funktsionalnaya-diagnostika-sredniy-med-personal-pp/index.html.
Thu Feb  5 12:08:33 MSK 2026: Ошибка при выполнении замены в файле ecodpo.ru/abakan/gastroenterologiya-pp/index.html.
Thu Feb  5 12:08:33 MSK 2026: Ошибка при выполнении замены в файле ecodpo.ru/abakan/gazoraspredelenie-i-gazopotreblenie-pp/index.html.
Thu Feb  5 12:08:33 MSK 2026: Ошибка при выполнении замены в файле ecodpo.ru/abakan/gazoturbinnye-paroturbinnye-ustanovki-i-dvigateli-pp/index.html.
Thu Feb  5 12:08:33 MSK 2026: Ошибка при выполнении замены в файле ecodpo.ru/abakan/gazovoe-khozyaystvo-pp/index.html.
Thu Feb  5 12:08:34 MSK 2026: Ошибка при выполнении замены в файле ecodpo.ru/abakan/gematologiya-vrachi-pp/index.html.
Thu Feb  5 12:08:34 MSK 2026: Ошибка при выполнении замены в файле ecodpo.ru/abakan/genetika-vrachi-pp/index.html.
Thu Feb  5 12:08:34 MSK 2026: Ошибка при выполнении замены в файле ecodpo.ru/abakan/geodeziya-i-kartografiya-pp/index.html.
Thu Feb  5 12:08:34 MSK 2026: Ошибка при выполнении замены в файле ecodpo.ru/abakan/geodeziya-pp/index.html.
Thu Feb  5 12:08:34 MSK 2026: Ошибка при выполнении замены в файле ecodpo.ru/abakan/geoekologiya-ratsionalnoe-nedropolzovanie-i-okhrana-okruzhayushchey-sredy-pp/index.html.
Thu Feb  5 12:08:34 MSK 2026: Ошибка при выполнении замены в файле ecodpo.ru/abakan/geofizicheskie-metody-issledovaniy-skvazhin-i-drugie-spetsialnosti-pp/index.html.
Thu Feb  5 12:08:34 MSK 2026: Ошибка при выполнении замены в файле ecodpo.ru/abakan/geologiya-nefti-i-gaza-pp/index.html.
Thu Feb  5 12:08:34 MSK 2026: Ошибка при выполнении замены в файле ecodpo.ru/abakan/geologiya-pp/index.html.
Thu Feb  5 12:08:34 MSK 2026: Ошибка при выполнении замены в файле ecodpo.ru/abakan/geriatriya-pp/index.html.
Thu Feb  5 12:08:34 MSK 2026: Ошибка при выполнении замены в файле ecodpo.ru/abakan/geshtalt-terapevt-pp/index.html.
Thu Feb  5 12:08:34 MSK 2026: Ошибка при выполнении замены в файле ecodpo.ru/abakan/gidrobiologiya-pp/index.html.
Thu Feb  5 12:08:34 MSK 2026: Ошибка при выполнении замены в файле ecodpo.ru/abakan/gidroelektrostantsii-pp/index.html.
Thu Feb  5 12:08:34 MSK 2026: Ошибка при выполнении замены в файле ecodpo.ru/abakan/gidrogeologiya-pp/index.html.
Thu Feb  5 12:08:34 MSK 2026: Ошибка при выполнении замены в файле ecodpo.ru/abakan/gidrologiya-pp/index.html.
Thu Feb  5 12:08:34 MSK 2026: Ошибка при выполнении замены в файле ecodpo.ru/abakan/gidrometeorologiya-pp/index.html.
Thu Feb  5 12:08:34 MSK 2026: Ошибка при выполнении замены в файле ecodpo.ru/abakan/gidrometeorologiya-prognozy-i-modelirovanie-prirodnykh-protsessov-pp/index.html.
Thu Feb  5 12:08:34 MSK 2026: Ошибка при выполнении замены в файле ecodpo.ru/abakan/gidrotekhnicheskoe-stroitelstvo-pp/index.html.
Thu Feb  5 12:08:35 MSK 2026: Ошибка при выполнении замены в файле ecodpo.ru/abakan/gigiena-detey-i-podrostkov-pp/index.html.
Thu Feb  5 12:08:35 MSK 2026: Ошибка при выполнении замены в файле ecodpo.ru/abakan/gigiena-i-sanitariya-pp/index.html.
Thu Feb  5 12:08:35 MSK 2026: Ошибка при выполнении замены в файле ecodpo.ru/abakan/gigiena-pitaniya-vrachi-pp/index.html.
Thu Feb  5 12:08:35 MSK 2026: Ошибка при выполнении замены в файле ecodpo.ru/abakan/gigiena-truda-vrachi-pp/index.html.
Thu Feb  5 12:08:35 MSK 2026: Ошибка при выполнении замены в файле ecodpo.ru/abakan/gigienicheskoe-vospitanie-pp/index.html.
Thu Feb  5 12:08:35 MSK 2026: Ошибка при выполнении замены в файле ecodpo.ru/abakan/gigienicheskoe-vospitanie-sredniy-med-personal-pp/index.html.
Thu Feb  5 12:08:35 MSK 2026: Ошибка при выполнении замены в файле ecodpo.ru/abakan/gigienicheskoe-vospitanie-vrachi-pp/index.html.
Thu Feb  5 12:08:35 MSK 2026: Ошибка при выполнении замены в файле ecodpo.ru/abakan/gistologiya-sredniy-med-personal-pp/index.html.
Thu Feb  5 12:08:35 MSK 2026: Ошибка при выполнении замены в файле ecodpo.ru/abakan/glavnyy-bukhgalter-pp/index.html.
Thu Feb  5 12:08:35 MSK 2026: Ошибка при выполнении замены в файле ecodpo.ru/abakan/gornoe-delo-professionalnaya-perepodgotovka/index.html.
Thu Feb  5 12:08:35 MSK 2026: Ошибка при выполнении замены в файле ecodpo.ru/abakan/gornoe-elektrosnabzhenie-pp/index.html.
Thu Feb  5 12:08:35 MSK 2026: Ошибка при выполнении замены в файле ecodpo.ru/abakan/gornye-mashiny-i-oborudovanie-pp/index.html.
Thu Feb  5 12:08:35 MSK 2026: Ошибка при выполнении замены в файле ecodpo.ru/abakan/gornyy-inzhener-pp/index.html.
Thu Feb  5 12:08:35 MSK 2026: Ошибка при выполнении замены в файле ecodpo.ru/abakan/gornyy-tekhnik-tekhnolog-pp/index.html.
Thu Feb  5 12:08:35 MSK 2026: Ошибка при выполнении замены в файле ecodpo.ru/abakan/gorodskoe-stroitelstvo-i-khozyaystvo-pp/index.html.
Thu Feb  5 12:08:35 MSK 2026: Ошибка при выполнении замены в файле ecodpo.ru/abakan/gorodskoy-kadastr-pp/index.html.
Thu Feb  5 12:08:36 MSK 2026: Ошибка при выполнении замены в файле ecodpo.ru/abakan/goryuchesmazochnye-materialy-pp/index.html.
Thu Feb  5 12:08:36 MSK 2026: Ошибка при выполнении замены в файле ecodpo.ru/abakan/gos-i-mun-upravlenie-professionalnaya-perepodgotovka/index.html.
Thu Feb  5 12:08:36 MSK 2026: Ошибка при выполнении замены в файле ecodpo.ru/abakan/gostinichnoe-delo-pp/index.html.
Thu Feb  5 12:08:36 MSK 2026: Ошибка при выполнении замены в файле ecodpo.ru/abakan/gosudarstvennaya-i-munitsipalnaya-sluzhba-pp/index.html.
Thu Feb  5 12:08:36 MSK 2026: Ошибка при выполнении замены в файле ecodpo.ru/abakan/gosudarstvennaya-kadastrovaya-otsenka-pp/index.html.
Thu Feb  5 12:08:36 MSK 2026: Ошибка при выполнении замены в файле ecodpo.ru/abakan/gosudarstvennoe-i-munitsipalnoe-upravlenie-pp/index.html.
Thu Feb  5 12:08:36 MSK 2026: Ошибка при выполнении замены в файле ecodpo.ru/abakan/gosudarstvennye-zakupki-professionalnaya-perepodgotovka/index.html.
Thu Feb  5 12:08:36 MSK 2026: Ошибка при выполнении замены в файле ecodpo.ru/abakan/gradostroitelnaya-deyatelnost-pp/index.html.
Thu Feb  5 12:08:36 MSK 2026: Ошибка при выполнении замены в файле ecodpo.ru/abakan/gradostroitelstvo-i-okhrana-obektov-kulturnogo-naslediya-pp/index.html.
Thu Feb  5 12:08:36 MSK 2026: Ошибка при выполнении замены в файле ecodpo.ru/abakan/gradostroitelstvo-pp/index.html.
Thu Feb  5 12:08:36 MSK 2026: Ошибка при выполнении замены в файле ecodpo.ru/abakan/graficheskiy-dizayn-pp/index.html.
Thu Feb  5 12:08:36 MSK 2026: Ошибка при выполнении замены в файле ecodpo.ru/abakan/grazhdanskaya-oborona-i-zashchita-v-chrezvychaynykh-situatsiyakh-pp/index.html.
Thu Feb  5 12:08:36 MSK 2026: Ошибка при выполнении замены в файле ecodpo.ru/abakan/grazhdanskoe-pravo-pp/index.html.
Thu Feb  5 12:08:36 MSK 2026: Ошибка при выполнении замены в файле ecodpo.ru/abakan/gumanitarnye-nauki-professionalnaya-perepodgotovka/index.html.
Thu Feb  5 12:08:36 MSK 2026: Ошибка при выполнении замены в файле ecodpo.ru/abakan/hr-analitik-pp/index.html.
Thu Feb  5 12:08:36 MSK 2026: Ошибка при выполнении замены в файле ecodpo.ru/abakan/hr-direktor-pp/index.html.
Thu Feb  5 12:08:36 MSK 2026: Ошибка при выполнении замены в файле ecodpo.ru/abakan/hr-menedzher-pp/index.html.
Thu Feb  5 12:08:37 MSK 2026: Ошибка при выполнении замены в файле ecodpo.ru/abakan/index.html.
Thu Feb  5 12:08:37 MSK 2026: Ошибка при выполнении замены в файле ecodpo.ru/abakan/infektsionnye-bolezni-pp/index.html.
Thu Feb  5 12:08:37 MSK 2026: Ошибка при выполнении замены в файле ecodpo.ru/abakan/infokommunikatsionnye-tekhnologii-i-sistemy-svyazi-pp/index.html.
Thu Feb  5 12:08:37 MSK 2026: Ошибка при выполнении замены в файле ecodpo.ru/abakan/informatika-i-vychislitelnaya-tekhnika-pp/index.html.
Thu Feb  5 12:08:37 MSK 2026: Ошибка при выполнении замены в файле ecodpo.ru/abakan/informatsionnye-sistemy-i-programmirovanie-it-spetsialist-pp/index.html.
Thu Feb  5 12:08:37 MSK 2026: Ошибка при выполнении замены в файле ecodpo.ru/abakan/informatsionnye-sistemy-i-programmirovanie-qa-inzhener-pp/index.html.
Thu Feb  5 12:08:37 MSK 2026: Ошибка при выполнении замены в файле ecodpo.ru/abakan/informatsionnye-sistemy-obespecheniya-gradostroitelnoy-deyatelnosti-pp/index.html.
Thu Feb  5 12:08:37 MSK 2026: Ошибка при выполнении замены в файле ecodpo.ru/abakan/informatsionnye-sistemy-obespecheniya-gradostroitelnoy-deyatelnosti1-pp/index.html.
Thu Feb  5 12:08:37 MSK 2026: Ошибка при выполнении замены в файле ecodpo.ru/abakan/informatsionnye-sistemy-pp/index.html.
Thu Feb  5 12:08:37 MSK 2026: Ошибка при выполнении замены в файле ecodpo.ru/abakan/informatsionnye-tekhnologii-v-professionalnoy-deyatelnosti-pp/index.html.
Thu Feb  5 12:08:37 MSK 2026: Ошибка при выполнении замены в файле ecodpo.ru/abakan/instruktor-metodist-po-lechebnoy-fizkulture-pp/index.html.
Thu Feb  5 12:08:37 MSK 2026: Ошибка при выполнении замены в файле ecodpo.ru/abakan/instruktor-metodist-pp/index.html.
Thu Feb  5 12:08:37 MSK 2026: Ошибка при выполнении замены в файле ecodpo.ru/abakan/instruktor-metodist-v-sfere-fizicheskoy-kultury-i-sporta-pp/index.html.
Thu Feb  5 12:08:37 MSK 2026: Ошибка при выполнении замены в файле ecodpo.ru/abakan/instruktor-po-fizicheskoy-kulture-v-doshkolnom-obrazovatelnom-uchrezhdenii-pp/index.html.
Thu Feb  5 12:08:37 MSK 2026: Ошибка при выполнении замены в файле ecodpo.ru/abakan/instruktor-po-plavaniyu-detey-rannego-i-doshkolnogo-vozrasta-pp/index.html.
Thu Feb  5 12:08:37 MSK 2026: Ошибка при выполнении замены в файле ecodpo.ru/abakan/instruktor-po-turizmu-pp/index.html.
Thu Feb  5 12:08:38 MSK 2026: Ошибка при выполнении замены в файле ecodpo.ru/abakan/instruktor-po-tyazheloy-atletike-pp/index.html.
Thu Feb  5 12:08:38 MSK 2026: Ошибка при выполнении замены в файле ecodpo.ru/abakan/instruktor-po-yoge-pp/index.html.
Thu Feb  5 12:08:38 MSK 2026: Ошибка при выполнении замены в файле ecodpo.ru/abakan/instruktor-skandinavskoy-khodby-pp/index.html.
Thu Feb  5 12:08:38 MSK 2026: Ошибка при выполнении замены в файле ecodpo.ru/abakan/instruktor-tantsevalnykh-napravleniy-pp/index.html.
Thu Feb  5 12:08:38 MSK 2026: Ошибка при выполнении замены в файле ecodpo.ru/abakan/instruktor-trenazhernogo-zala-pp/index.html.
Thu Feb  5 12:08:38 MSK 2026: Ошибка при выполнении замены в файле ecodpo.ru/abakan/instrumenty-pravovogo-soprovozhdeniya-predpriyatiya-pp/index.html.
Thu Feb  5 12:08:38 MSK 2026: Ошибка при выполнении замены в файле ecodpo.ru/abakan/intellektualnye-sistemy-pp/index.html.
Thu Feb  5 12:08:38 MSK 2026: Ошибка при выполнении замены в файле ecodpo.ru/abakan/internet-marketing-pp/index.html.
Thu Feb  5 12:08:38 MSK 2026: Ошибка при выполнении замены в файле ecodpo.ru/abakan/inzhener-dannykh-pp/index.html.
Thu Feb  5 12:08:38 MSK 2026: Ошибка при выполнении замены в файле ecodpo.ru/abakan/inzhener-elektrik-pp/index.html.
Thu Feb  5 12:08:38 MSK 2026: Ошибка при выполнении замены в файле ecodpo.ru/abakan/inzhener-gsm-pp/index.html.
Thu Feb  5 12:08:38 MSK 2026: Ошибка при выполнении замены в файле ecodpo.ru/abakan/inzhener-khimik-pp/index.html.
Thu Feb  5 12:08:38 MSK 2026: Ошибка при выполнении замены в файле ecodpo.ru/abakan/inzhener-kholodilnogo-oborudovaniya-pp/index.html.
Thu Feb  5 12:08:38 MSK 2026: Ошибка при выполнении замены в файле ecodpo.ru/abakan/inzhener-kipia-pp/index.html.
Thu Feb  5 12:08:38 MSK 2026: Ошибка при выполнении замены в файле ecodpo.ru/abakan/inzhener-konstruktor-pp/index.html.
Thu Feb  5 12:08:38 MSK 2026: Ошибка при выполнении замены в файле ecodpo.ru/abakan/inzhener-materialno-tekhnicheskogo-snabzheniya-pp/index.html.
Thu Feb  5 12:08:38 MSK 2026: Ошибка при выполнении замены в файле ecodpo.ru/abakan/inzhener-mekhanik-pp/index.html.
Thu Feb  5 12:08:39 MSK 2026: Ошибка при выполнении замены в файле ecodpo.ru/abakan/inzhener-metrolog-pp/index.html.
Thu Feb  5 12:08:39 MSK 2026: Ошибка при выполнении замены в файле ecodpo.ru/abakan/inzhener-po-burovym-rastvoram-pp/index.html.
Thu Feb  5 12:08:39 MSK 2026: Ошибка при выполнении замены в файле ecodpo.ru/abakan/inzhener-po-metrologii-pp/index.html.
Thu Feb  5 12:08:39 MSK 2026: Ошибка при выполнении замены в файле ecodpo.ru/abakan/inzhener-po-svarke-pp/index.html.
Thu Feb  5 12:08:39 MSK 2026: Ошибка при выполнении замены в файле ecodpo.ru/abakan/inzhener-proektirovshchik-pp/index.html.
Thu Feb  5 12:08:39 MSK 2026: Ошибка при выполнении замены в файле ecodpo.ru/abakan/inzhener-programmist-pp/index.html.
Thu Feb  5 12:08:39 MSK 2026: Ошибка при выполнении замены в файле ecodpo.ru/abakan/inzhener-pto-pp/index.html.
Thu Feb  5 12:08:39 MSK 2026: Ошибка при выполнении замены в файле ecodpo.ru/abakan/inzhener-radiotekhnik-pp/index.html.
Thu Feb  5 12:08:39 MSK 2026: Ошибка при выполнении замены в файле ecodpo.ru/abakan/inzhener-stroitel-pp/index.html.
Thu Feb  5 12:08:39 MSK 2026: Ошибка при выполнении замены в файле ecodpo.ru/abakan/inzhener-svyazi-pp/index.html.
Thu Feb  5 12:08:39 MSK 2026: Ошибка при выполнении замены в файле ecodpo.ru/abakan/inzhener-tekhnolog-pp/index.html.
Thu Feb  5 12:08:39 MSK 2026: Ошибка при выполнении замены в файле ecodpo.ru/abakan/inzhener-tekhnolog-v-obshchestvennom-pitanii-pp/index.html.
Thu Feb  5 12:08:39 MSK 2026: Ошибка при выполнении замены в файле ecodpo.ru/abakan/inzhenernaya-geologiya-pp/index.html.
Thu Feb  5 12:08:39 MSK 2026: Ошибка при выполнении замены в файле ecodpo.ru/abakan/inzhenernaya-khimiya-kataliticheskikh-protsessov-pp/index.html.
Thu Feb  5 12:08:39 MSK 2026: Ошибка при выполнении замены в файле ecodpo.ru/abakan/inzhenerno-ekologicheskie-izyskaniya-pp/index.html.
Thu Feb  5 12:08:39 MSK 2026: Ошибка при выполнении замены в файле ecodpo.ru/abakan/inzhenerno-geodezicheskie-izyskaniya-i-tekhnicheskiy-nadzor-pp/index.html.
Thu Feb  5 12:08:39 MSK 2026: Ошибка при выполнении замены в файле ecodpo.ru/abakan/inzhenerno-geodezicheskie-izyskaniya-pp/index.html.
Thu Feb  5 12:08:40 MSK 2026: Ошибка при выполнении замены в файле ecodpo.ru/abakan/inzhenerno-geologicheskie-izyskaniya-pp/index.html.
Thu Feb  5 12:08:40 MSK 2026: Ошибка при выполнении замены в файле ecodpo.ru/abakan/inzhenernye-izyskaniya-professionalnaya-perepodgotovka/index.html.
Thu Feb  5 12:08:40 MSK 2026: Ошибка при выполнении замены в файле ecodpo.ru/abakan/inzhenernye-sistemy-professionalnaya-perepodgotovka/index.html.
Thu Feb  5 12:08:40 MSK 2026: Ошибка при выполнении замены в файле ecodpo.ru/abakan/ipotechnyy-broker-pp/index.html.
Thu Feb  5 12:08:40 MSK 2026: Ошибка при выполнении замены в файле ecodpo.ru/abakan/iskusstvovedenie-pp/index.html.
Thu Feb  5 12:08:40 MSK 2026: Ошибка при выполнении замены в файле ecodpo.ru/abakan/ispytatelnye-laboratorii-pp/index.html.
Thu Feb  5 12:08:40 MSK 2026: Ошибка при выполнении замены в файле ecodpo.ru/abakan/it-direktor-pp/index.html.
Thu Feb  5 12:08:40 MSK 2026: Ошибка при выполнении замены в файле ecodpo.ru/abakan/it-i-bezopasnost-professionalnaya-perepodgotovka/index.html.
Thu Feb  5 12:08:40 MSK 2026: Ошибка при выполнении замены в файле ecodpo.ru/abakan/it-management-pp/index.html.
Thu Feb  5 12:08:40 MSK 2026: Ошибка при выполнении замены в файле ecodpo.ru/abakan/it-medik-pp/index.html.
Thu Feb  5 12:08:40 MSK 2026: Ошибка при выполнении замены в файле ecodpo.ru/abakan/it-rekruter-pp/index.html.
Thu Feb  5 12:08:40 MSK 2026: Ошибка при выполнении замены в файле ecodpo.ru/abakan/izmerenie-fizicheskikh-faktorov-i-organizatsiya-ekologicheskogo-radiatsionnogo-kontrolya-pp/index.html.
Thu Feb  5 12:08:40 MSK 2026: Ошибка при выполнении замены в файле ecodpo.ru/abakan/izobrazitelnoe-iskusstvo-khudozhnik-1-pp/index.html.
Thu Feb  5 12:08:40 MSK 2026: Ошибка при выполнении замены в файле ecodpo.ru/abakan/izobrazitelnoe-iskusstvo-khudozhnik-pp/index.html.
Thu Feb  5 12:08:40 MSK 2026: Ошибка при выполнении замены в файле ecodpo.ru/abakan/kadastrovaya-deyatelnost-pp/index.html.
Thu Feb  5 12:08:40 MSK 2026: Ошибка при выполнении замены в файле ecodpo.ru/abakan/kadastrovaya-otsenka-nedvizhimosti-pp/index.html.
Thu Feb  5 12:08:40 MSK 2026: Ошибка при выполнении замены в файле ecodpo.ru/abakan/kadastrovaya-otsenka-zemel-pp/index.html.
Thu Feb  5 12:08:41 MSK 2026: Ошибка при выполнении замены в файле ecodpo.ru/abakan/kadastrovyy-inzhener-pp/index.html.
Thu Feb  5 12:08:41 MSK 2026: Ошибка при выполнении замены в файле ecodpo.ru/abakan/kadrovik-pp/index.html.
Thu Feb  5 12:08:41 MSK 2026: Ошибка при выполнении замены в файле ecodpo.ru/abakan/kadrovoe-deloproizvodstvo-professionalnaya-perepodgotovka/index.html.
Thu Feb  5 12:08:41 MSK 2026: Ошибка при выполнении замены в файле ecodpo.ru/abakan/kadrovyy-auditor-pp/index.html.
Thu Feb  5 12:08:41 MSK 2026: Ошибка при выполнении замены в файле ecodpo.ru/abakan/kardiologiya-pp/index.html.
Thu Feb  5 12:08:41 MSK 2026: Ошибка при выполнении замены в файле ecodpo.ru/abakan/karernyy-konsultant-pp/index.html.
Thu Feb  5 12:08:41 MSK 2026: Ошибка при выполнении замены в файле ecodpo.ru/abakan/kartografiya-pp/index.html.
Thu Feb  5 12:08:41 MSK 2026: Ошибка при выполнении замены в файле ecodpo.ru/abakan/khimicheskaya-ekspertiza-pp/index.html.
Thu Feb  5 12:08:41 MSK 2026: Ошибка при выполнении замены в файле ecodpo.ru/abakan/khimicheskaya-tekhnologiya-i-ekspertiza-prirodnykh-energonositeley-i-uglerodnykh-materialov-pp/index.html.
Thu Feb  5 12:08:41 MSK 2026: Ошибка при выполнении замены в файле ecodpo.ru/abakan/khimicheskaya-tekhnologiya-neorganicheskikh-veshchestv-i-materialov-pp/index.html.
Thu Feb  5 12:08:41 MSK 2026: Ошибка при выполнении замены в файле ecodpo.ru/abakan/khimicheskie-metody-analiza-kontrol-kachestva-topliva-tverdogo-mineralnogo-uglya-i-koksa-pp/index.html.
Thu Feb  5 12:08:41 MSK 2026: Ошибка при выполнении замены в файле ecodpo.ru/abakan/khimicheskie-tekhnologii-nefti-i-gaza-pp/index.html.
Thu Feb  5 12:08:41 MSK 2026: Ошибка при выполнении замены в файле ecodpo.ru/abakan/khimicheskie-tekhnologii-pp/index.html.
Thu Feb  5 12:08:41 MSK 2026: Ошибка при выполнении замены в файле ecodpo.ru/abakan/khimicheskiy-analiz-i-laboratornyy-kontrol-pp/index.html.
Thu Feb  5 12:08:41 MSK 2026: Ошибка при выполнении замены в файле ecodpo.ru/abakan/khimicheskoe-mashinostroenie-i-nasosy-pp/index.html.
Thu Feb  5 12:08:41 MSK 2026: Ошибка при выполнении замены в файле ecodpo.ru/abakan/khimicheskoe-promyshlennoe-proizvodstvo-pp/index.html.
Thu Feb  5 12:08:42 MSK 2026: Ошибка при выполнении замены в файле ecodpo.ru/abakan/khimik-kriminalist-pp/index.html.
Thu Feb  5 12:08:42 MSK 2026: Ошибка при выполнении замены в файле ecodpo.ru/abakan/khimik-tekhnolog-pp/index.html.
Thu Feb  5 12:08:42 MSK 2026: Ошибка при выполнении замены в файле ecodpo.ru/abakan/khimiya-fizika-i-mekhanika-materialov-pp/index.html.
Thu Feb  5 12:08:42 MSK 2026: Ошибка при выполнении замены в файле ecodpo.ru/abakan/khirurgiya-vrachi-pp/index.html.
Thu Feb  5 12:08:42 MSK 2026: Ошибка при выполнении замены в файле ecodpo.ru/abakan/kholodilnoe-oborudovanie-professionalnaya-perepodgotovka/index.html.
Thu Feb  5 12:08:42 MSK 2026: Ошибка при выполнении замены в файле ecodpo.ru/abakan/khozyaystvennaya-deyatelnost-pp/index.html.
Thu Feb  5 12:08:42 MSK 2026: Ошибка при выполнении замены в файле ecodpo.ru/abakan/khranitel-muzeynykh-tsennostey-pp/index.html.
Thu Feb  5 12:08:42 MSK 2026: Ошибка при выполнении замены в файле ecodpo.ru/abakan/khudozhestvennaya-animatsiya-pp/index.html.
Thu Feb  5 12:08:42 MSK 2026: Ошибка при выполнении замены в файле ecodpo.ru/abakan/khudozhnik-animator-pp/index.html.
Thu Feb  5 12:08:42 MSK 2026: Ошибка при выполнении замены в файле ecodpo.ru/abakan/khudozhnik-pp/index.html.
Thu Feb  5 12:08:42 MSK 2026: Ошибка при выполнении замены в файле ecodpo.ru/abakan/kinologiya-pp/index.html.
Thu Feb  5 12:08:42 MSK 2026: Ошибка при выполнении замены в файле ecodpo.ru/abakan/klinicheskaya-farmakologiya-pp/index.html.
Thu Feb  5 12:08:42 MSK 2026: Ошибка при выполнении замены в файле ecodpo.ru/abakan/klinicheskaya-laboratornaya-diagnostika-dlya-biologov-pp/index.html.
Thu Feb  5 12:08:42 MSK 2026: Ошибка при выполнении замены в файле ecodpo.ru/abakan/klinicheskaya-laboratornaya-diagnostika-pp/index.html.
Thu Feb  5 12:08:42 MSK 2026: Ошибка при выполнении замены в файле ecodpo.ru/abakan/klinicheskaya-logopediya-pp/index.html.
Thu Feb  5 12:08:42 MSK 2026: Ошибка при выполнении замены в файле ecodpo.ru/abakan/klinicheskaya-psikhologiya-pp/index.html.
Thu Feb  5 12:08:42 MSK 2026: Ошибка при выполнении замены в файле ecodpo.ru/abakan/kognitivno-povedencheskaya-terapiya-pp/index.html.
Thu Feb  5 12:08:43 MSK 2026: Ошибка при выполнении замены в файле ecodpo.ru/abakan/koloproktologiya-pp/index.html.
Thu Feb  5 12:08:43 MSK 2026: Ошибка при выполнении замены в файле ecodpo.ru/abakan/kommercheskiy-direktor-pp/index.html.
Thu Feb  5 12:08:43 MSK 2026: Ошибка при выполнении замены в файле ecodpo.ru/abakan/kommercheskiy-redaktor-pp/index.html.
Thu Feb  5 12:08:43 MSK 2026: Ошибка при выполнении замены в файле ecodpo.ru/abakan/kommunalnaya-gigiena-vrachi-pp/index.html.
Thu Feb  5 12:08:43 MSK 2026: Ошибка при выполнении замены в файле ecodpo.ru/abakan/kompleksnaya-bezopasnost-pp/index.html.
Thu Feb  5 12:08:43 MSK 2026: Ошибка при выполнении замены в файле ecodpo.ru/abakan/kompleksnaya-zashchita-obektov-informatizatsii-pp/index.html.
Thu Feb  5 12:08:43 MSK 2026: Ошибка при выполнении замены в файле ecodpo.ru/abakan/kompleksnoe-inzhenernoe-blagoustroystvo-territorii--pp/index.html.
Thu Feb  5 12:08:43 MSK 2026: Ошибка при выполнении замены в файле ecodpo.ru/abakan/kompyuternaya-grafika-pp/index.html.
Thu Feb  5 12:08:43 MSK 2026: Ошибка при выполнении замены в файле ecodpo.ru/abakan/kompyuternaya-lingvistika-pp/index.html.
Thu Feb  5 12:08:43 MSK 2026: Ошибка при выполнении замены в файле ecodpo.ru/abakan/konditer-pp/index.html.
Thu Feb  5 12:08:43 MSK 2026: Ошибка при выполнении замены в файле ecodpo.ru/abakan/konfliktologiya-pp/index.html.
Thu Feb  5 12:08:43 MSK 2026: Ошибка при выполнении замены в файле ecodpo.ru/abakan/konstitutsionnoe-pravo-pp/index.html.
Thu Feb  5 12:08:43 MSK 2026: Ошибка при выполнении замены в файле ecodpo.ru/abakan/konstruktorsko-tekhnologicheskoe-obespechenie-proizvodstva-kosmicheskoy-tekhniki-pp/index.html.
Thu Feb  5 12:08:43 MSK 2026: Ошибка при выполнении замены в файле ecodpo.ru/abakan/kontakty/index.html.
Thu Feb  5 12:08:43 MSK 2026: Ошибка при выполнении замены в файле ecodpo.ru/abakan/kontraktnaya-sistema-pp/index.html.
Thu Feb  5 12:08:43 MSK 2026: Ошибка при выполнении замены в файле ecodpo.ru/abakan/kontraktnyy-upravlyayushchiy-pp/index.html.
Thu Feb  5 12:08:43 MSK 2026: Ошибка при выполнении замены в файле ecodpo.ru/abakan/kontroler-tekhnicheskogo-sostoyaniya-avtotransportnykh-sredstv-pp/index.html.
Thu Feb  5 12:08:44 MSK 2026: Ошибка при выполнении замены в файле ecodpo.ru/abakan/kontroler-tekhnicheskogo-sostoyaniya-gorodskogo-nazemnogo-elektricheskogo-transporta-pp/index.html.
Thu Feb  5 12:08:44 MSK 2026: Ошибка при выполнении замены в файле ecodpo.ru/abakan/kontrolno-izmeritelnye-pribory-pp/index.html.
Thu Feb  5 12:08:44 MSK 2026: Ошибка при выполнении замены в файле ecodpo.ru/abakan/kopirayter-pp/index.html.
Thu Feb  5 12:08:44 MSK 2026: Ошибка при выполнении замены в файле ecodpo.ru/abakan/kopirayting-pp/index.html.
Thu Feb  5 12:08:44 MSK 2026: Ошибка при выполнении замены в файле ecodpo.ru/abakan/korporativnoe-obuchenie/index.html.
Thu Feb  5 12:08:44 MSK 2026: Ошибка при выполнении замены в файле ecodpo.ru/abakan/korporativnoe-upravlenie-pp/index.html.
Thu Feb  5 12:08:44 MSK 2026: Ошибка при выполнении замены в файле ecodpo.ru/abakan/korporativnyy-direktor-korporativnoe-upravlenie-v-aktsionernykh-obshchestvakh-s-gosudarstvennym-ucha-pp/index.html.
Thu Feb  5 12:08:44 MSK 2026: Ошибка при выполнении замены в файле ecodpo.ru/abakan/korporativnyy-yurist-pp/index.html.
Thu Feb  5 12:08:44 MSK 2026: Ошибка при выполнении замены в файле ecodpo.ru/abakan/korrektsionnaya-pedagogika-pp/index.html.
Thu Feb  5 12:08:44 MSK 2026: Ошибка при выполнении замены в файле ecodpo.ru/abakan/korrespondent-reporter-v-multimediynykh-pechatnykh-tele-i-radioveshchatelnykh-sredstvakh-massovoy-in-pp/index.html.
Thu Feb  5 12:08:44 MSK 2026: Ошибка при выполнении замены в файле ecodpo.ru/abakan/korrespondent-sredstv-massovoy-informatsii-pp/index.html.
Thu Feb  5 12:08:44 MSK 2026: Ошибка при выполнении замены в файле ecodpo.ru/abakan/kosmetolog-estetist-pp/index.html.
Thu Feb  5 12:08:44 MSK 2026: Ошибка при выполнении замены в файле ecodpo.ru/abakan/kosmetologiya-professionalnaya-perepodgotovka/index.html.
Thu Feb  5 12:08:44 MSK 2026: Ошибка при выполнении замены в файле ecodpo.ru/abakan/kouching-pp/index.html.
Thu Feb  5 12:08:44 MSK 2026: Ошибка при выполнении замены в файле ecodpo.ru/abakan/kreditnyy-spetsialist-pp/index.html.
Thu Feb  5 12:08:44 MSK 2026: Ошибка при выполнении замены в файле ecodpo.ru/abakan/krizisnaya-psikhologiya-pp/index.html.
Thu Feb  5 12:08:44 MSK 2026: Ошибка при выполнении замены в файле ecodpo.ru/abakan/kultura-i-iskusstvo-professionalnaya-perepodgotovka/index.html.
Thu Feb  5 12:08:45 MSK 2026: Ошибка при выполнении замены в файле ecodpo.ru/abakan/kultura-pp/index.html.
Thu Feb  5 12:08:45 MSK 2026: Ошибка при выполнении замены в файле ecodpo.ru/abakan/kursy-povysheniya-kvalifikacii/index.html.
Thu Feb  5 12:08:45 MSK 2026: Ошибка при выполнении замены в файле ecodpo.ru/abakan/kursy-professionalnoj-perepodgotovki/index.html.
Thu Feb  5 12:08:45 MSK 2026: Ошибка при выполнении замены в файле ecodpo.ru/abakan/laborant-gistolog-pp/index.html.
Thu Feb  5 12:08:45 MSK 2026: Ошибка при выполнении замены в файле ecodpo.ru/abakan/laborant-khimicheskogo-analiza-pp/index.html.
Thu Feb  5 12:08:45 MSK 2026: Ошибка при выполнении замены в файле ecodpo.ru/abakan/laborant-neftyanoy-i-gazovoy-laboratorii-pp/index.html.
Thu Feb  5 12:08:45 MSK 2026: Ошибка при выполнении замены в файле ecodpo.ru/abakan/laboratorii-professionalnaya-perepodgotovka/index.html.
Thu Feb  5 12:08:45 MSK 2026: Ошибка при выполнении замены в файле ecodpo.ru/abakan/laboratornaya-diagnostika-pp/index.html.
Thu Feb  5 12:08:45 MSK 2026: Ошибка при выполнении замены в файле ecodpo.ru/abakan/laboratornaya-genetika-vrachi-pp/index.html.
Thu Feb  5 12:08:45 MSK 2026: Ошибка при выполнении замены в файле ecodpo.ru/abakan/laboratornoe-delo-pp/index.html.
Thu Feb  5 12:08:45 MSK 2026: Ошибка при выполнении замены в файле ecodpo.ru/abakan/laboratornoe-delo-v-rentgenologii-pp/index.html.
Thu Feb  5 12:08:45 MSK 2026: Ошибка при выполнении замены в файле ecodpo.ru/abakan/laboratornye-issledovaniya-gruntov-pp/index.html.
Thu Feb  5 12:08:45 MSK 2026: Ошибка при выполнении замены в файле ecodpo.ru/abakan/landshaftnaya-arkhitektura-pp/index.html.
Thu Feb  5 12:08:45 MSK 2026: Ошибка при выполнении замены в файле ecodpo.ru/abakan/landshaftnyy-arkhitektor-pp/index.html.
Thu Feb  5 12:08:45 MSK 2026: Ошибка при выполнении замены в файле ecodpo.ru/abakan/landshaftnyy-dizayn-pp/index.html.
Thu Feb  5 12:08:45 MSK 2026: Ошибка при выполнении замены в файле ecodpo.ru/abakan/landshaftnyy-dizayner-pp/index.html.
Thu Feb  5 12:08:45 MSK 2026: Ошибка при выполнении замены в файле ecodpo.ru/abakan/lechebnaya-fizkultura-i-sportivnaya-meditsina-pp/index.html.
Thu Feb  5 12:08:46 MSK 2026: Ошибка при выполнении замены в файле ecodpo.ru/abakan/lechebnaya-fizkultura-sredniy-med-personal-pp/index.html.
Thu Feb  5 12:08:46 MSK 2026: Ошибка при выполнении замены в файле ecodpo.ru/abakan/lechebnoe-delo-pp/index.html.
Thu Feb  5 12:08:46 MSK 2026: Ошибка при выполнении замены в файле ecodpo.ru/abakan/lechebnoe-delo-smp-pp/index.html.
Thu Feb  5 12:08:46 MSK 2026: Ошибка при выполнении замены в файле ecodpo.ru/abakan/lesnoe-delo-pp/index.html.
Thu Feb  5 12:08:46 MSK 2026: Ошибка при выполнении замены в файле ecodpo.ru/abakan/lingvisticheskaya-ekspertiza-pp/index.html.
Thu Feb  5 12:08:46 MSK 2026: Ошибка при выполнении замены в файле ecodpo.ru/abakan/literaturnyy-redaktor-pp/index.html.
Thu Feb  5 12:08:46 MSK 2026: Ошибка при выполнении замены в файле ecodpo.ru/abakan/liteynoe-proizvodstvo-chernykh-i-tsvetnykh-metallov-pp/index.html.
Thu Feb  5 12:08:46 MSK 2026: Ошибка при выполнении замены в файле ecodpo.ru/abakan/logisticheskiy-menedzhment-pp/index.html.
Thu Feb  5 12:08:46 MSK 2026: Ошибка при выполнении замены в файле ecodpo.ru/abakan/logistika-zakupok-upravlenie-zapasami-pp/index.html.
Thu Feb  5 12:08:46 MSK 2026: Ошибка при выполнении замены в файле ecodpo.ru/abakan/logoped-afaziolog-pp/index.html.
Thu Feb  5 12:08:46 MSK 2026: Ошибка при выполнении замены в файле ecodpo.ru/abakan/logoped-defektolog-pp/index.html.
Thu Feb  5 12:08:46 MSK 2026: Ошибка при выполнении замены в файле ecodpo.ru/abakan/logoped-neyropsikholog-pp/index.html.
Thu Feb  5 12:08:46 MSK 2026: Ошибка при выполнении замены в файле ecodpo.ru/abakan/logoped-v-sisteme-zdravookhraneniya-pp/index.html.
Thu Feb  5 12:08:46 MSK 2026: Ошибка при выполнении замены в файле ecodpo.ru/abakan/logopediya-na-baze-vysshego-pedagogicheskogo-obrazovaniya-pp/index.html.
Thu Feb  5 12:08:46 MSK 2026: Ошибка при выполнении замены в файле ecodpo.ru/abakan/logopediya-pp/index.html.
Thu Feb  5 12:08:46 MSK 2026: Ошибка при выполнении замены в файле ecodpo.ru/abakan/maloetazhnoe-stroitelstvo-pp/index.html.
Thu Feb  5 12:08:46 MSK 2026: Ошибка при выполнении замены в файле ecodpo.ru/abakan/manualnaya-terapiya-pp/index.html.
Thu Feb  5 12:08:47 MSK 2026: Ошибка при выполнении замены в файле ecodpo.ru/abakan/marketing-professionalnaya-perepodgotovka/index.html.
Thu Feb  5 12:08:47 MSK 2026: Ошибка при выполнении замены в файле ecodpo.ru/abakan/marketolog-analitik-pp/index.html.
Thu Feb  5 12:08:47 MSK 2026: Ошибка при выполнении замены в файле ecodpo.ru/abakan/marksheyderskoe-delo-pp/index.html.
Thu Feb  5 12:08:47 MSK 2026: Ошибка при выполнении замены в файле ecodpo.ru/abakan/mashiny-i-apparaty-khimicheskikh-proizvodstv-pp/index.html.
Thu Feb  5 12:08:47 MSK 2026: Ошибка при выполнении замены в файле ecodpo.ru/abakan/master-gazodymozashchitnoy-sluzhby-pp/index.html.
Thu Feb  5 12:08:47 MSK 2026: Ошибка при выполнении замены в файле ecodpo.ru/abakan/master-proizvodstvennogo-obucheniya-pp/index.html.
Thu Feb  5 12:08:47 MSK 2026: Ошибка при выполнении замены в файле ecodpo.ru/abakan/master-proizvodstvennogo-obucheniya-vozhdeniyu-pp/index.html.
Thu Feb  5 12:08:47 MSK 2026: Ошибка при выполнении замены в файле ecodpo.ru/abakan/master-skladskogo-khozyaystva-pp/index.html.
Thu Feb  5 12:08:47 MSK 2026: Ошибка при выполнении замены в файле ecodpo.ru/abakan/mediatsiya-pp/index.html.
Thu Feb  5 12:08:47 MSK 2026: Ошибка при выполнении замены в файле ecodpo.ru/abakan/medicina-professionalnaya-perepodgotovka/index.html.
Thu Feb  5 12:08:47 MSK 2026: Ошибка при выполнении замены в файле ecodpo.ru/abakan/mediko-profilakticheskoe-delo-pp/index.html.
Thu Feb  5 12:08:47 MSK 2026: Ошибка при выполнении замены в файле ecodpo.ru/abakan/mediko-sotsialnaya-ekspertiza-pp/index.html.
Thu Feb  5 12:08:47 MSK 2026: Ошибка при выполнении замены в файле ecodpo.ru/abakan/mediko-sotsialnaya-pomoshch-sredniy-med-personal-pp/index.html.
Thu Feb  5 12:08:47 MSK 2026: Ошибка при выполнении замены в файле ecodpo.ru/abakan/meditsina-spo-pp/index.html.
Thu Feb  5 12:08:47 MSK 2026: Ошибка при выполнении замены в файле ecodpo.ru/abakan/meditsinskaya-biofizika-pp/index.html.
Thu Feb  5 12:08:47 MSK 2026: Ошибка при выполнении замены в файле ecodpo.ru/abakan/meditsinskaya-biokhimiya-pp/index.html.
Thu Feb  5 12:08:47 MSK 2026: Ошибка при выполнении замены в файле ecodpo.ru/abakan/meditsinskaya-fizika-pp/index.html.
Thu Feb  5 12:08:48 MSK 2026: Ошибка при выполнении замены в файле ecodpo.ru/abakan/meditsinskaya-kosmetologiya-pp/index.html.
Thu Feb  5 12:08:48 MSK 2026: Ошибка при выполнении замены в файле ecodpo.ru/abakan/meditsinskaya-optika-sredniy-med-personal-pp/index.html.
Thu Feb  5 12:08:48 MSK 2026: Ошибка при выполнении замены в файле ecodpo.ru/abakan/meditsinskaya-statistika-sredniy-med-personal-pp/index.html.
Thu Feb  5 12:08:48 MSK 2026: Ошибка при выполнении замены в файле ecodpo.ru/abakan/meditsinskiy-dezinfektor-pp/index.html.
Thu Feb  5 12:08:48 MSK 2026: Ошибка при выполнении замены в файле ecodpo.ru/abakan/meditsinskiy-massazh-sredniy-med-personal-pp/index.html.
Thu Feb  5 12:08:48 MSK 2026: Ошибка при выполнении замены в файле ecodpo.ru/abakan/meditsinskiy-mikrobiolog-pp/index.html.
Thu Feb  5 12:08:48 MSK 2026: Ошибка при выполнении замены в файле ecodpo.ru/abakan/meditsinskiy-registrator-pp/index.html.
Thu Feb  5 12:08:48 MSK 2026: Ошибка при выполнении замены в файле ecodpo.ru/abakan/meditsinskoe-pravo-pp/index.html.
Thu Feb  5 12:08:48 MSK 2026: Ошибка при выполнении замены в файле ecodpo.ru/abakan/mekhanizatsiya-selskogo-khozyaystva-pp/index.html.
Thu Feb  5 12:08:48 MSK 2026: Ошибка при выполнении замены в файле ecodpo.ru/abakan/mekhatronika-i-robototekhnika--pp/index.html.
Thu Feb  5 12:08:48 MSK 2026: Ошибка при выполнении замены в файле ecodpo.ru/abakan/mekhatronika-pp/index.html.
Thu Feb  5 12:08:48 MSK 2026: Ошибка при выполнении замены в файле ecodpo.ru/abakan/menedzher-agropromyshlennogo-kompleksa-pp/index.html.
Thu Feb  5 12:08:48 MSK 2026: Ошибка при выполнении замены в файле ecodpo.ru/abakan/menedzher-marketpleysov-pp/index.html.
Thu Feb  5 12:08:48 MSK 2026: Ошибка при выполнении замены в файле ecodpo.ru/abakan/menedzher-po-obucheniyu-i-adaptatsii-personala-pp/index.html.
Thu Feb  5 12:08:48 MSK 2026: Ошибка при выполнении замены в файле ecodpo.ru/abakan/menedzher-po-prodazham-pp/index.html.
Thu Feb  5 12:08:48 MSK 2026: Ошибка при выполнении замены в файле ecodpo.ru/abakan/menedzher-v-oblasti-fizicheskoy-kultury-i-sporta-pp/index.html.
Thu Feb  5 12:08:48 MSK 2026: Ошибка при выполнении замены в файле ecodpo.ru/abakan/menedzhment-i-ekonomika-v-obrazovanii-pp/index.html.
Thu Feb  5 12:08:49 MSK 2026: Ошибка при выполнении замены в файле ecodpo.ru/abakan/menedzhment-i-servis-v-industrii-krasoty-pp/index.html.
Thu Feb  5 12:08:49 MSK 2026: Ошибка при выполнении замены в файле ecodpo.ru/abakan/menedzhment-kachestva-pp/index.html.
Thu Feb  5 12:08:49 MSK 2026: Ошибка при выполнении замены в файле ecodpo.ru/abakan/menedzhment-organizatsii-pp/index.html.
Thu Feb  5 12:08:49 MSK 2026: Ошибка при выполнении замены в файле ecodpo.ru/abakan/menedzhment-professionalnaya-perepodgotovka/index.html.
Thu Feb  5 12:08:49 MSK 2026: Ошибка при выполнении замены в файле ecodpo.ru/abakan/menedzhment-restorannogo-biznesa-pp/index.html.
Thu Feb  5 12:08:49 MSK 2026: Ошибка при выполнении замены в файле ecodpo.ru/abakan/menedzhment-v-agropromyshlennom-komplekse-apk-pp/index.html.
Thu Feb  5 12:08:49 MSK 2026: Ошибка при выполнении замены в файле ecodpo.ru/abakan/menedzhment-v-dopolnitelnom-obrazovanii-pp/index.html.
Thu Feb  5 12:08:49 MSK 2026: Ошибка при выполнении замены в файле ecodpo.ru/abakan/menedzhment-v-industrii-krasoty-pp/index.html.
Thu Feb  5 12:08:49 MSK 2026: Ошибка при выполнении замены в файле ecodpo.ru/abakan/menedzhment-v-investitsionno-stroitelnom-komplekse-pp/index.html.
Thu Feb  5 12:08:49 MSK 2026: Ошибка при выполнении замены в файле ecodpo.ru/abakan/menedzhment-v-muzykalnom-biznese-i-industrii-razvlecheniy-pp/index.html.
Thu Feb  5 12:08:49 MSK 2026: Ошибка при выполнении замены в файле ecodpo.ru/abakan/menedzhment-v-neftegazovoy-otrasli-pp/index.html.
Thu Feb  5 12:08:49 MSK 2026: Ошибка при выполнении замены в файле ecodpo.ru/abakan/menedzhment-v-oblasti-kultury-i-iskusstva-pp/index.html.
Thu Feb  5 12:08:49 MSK 2026: Ошибка при выполнении замены в файле ecodpo.ru/abakan/menedzhment-v-obrazovanii-pp/index.html.
Thu Feb  5 12:08:49 MSK 2026: Ошибка при выполнении замены в файле ecodpo.ru/abakan/menedzhment-v-organizatsii-pp/index.html.
Thu Feb  5 12:08:49 MSK 2026: Ошибка при выполнении замены в файле ecodpo.ru/abakan/menedzhment-v-sfere-doshkolnogo-obrazovaniya-pp/index.html.
Thu Feb  5 12:08:49 MSK 2026: Ошибка при выполнении замены в файле ecodpo.ru/abakan/menedzhment-v-sfere-kultury-i-iskusstva-pp/index.html.
Thu Feb  5 12:08:49 MSK 2026: Ошибка при выполнении замены в файле ecodpo.ru/abakan/menedzhment-v-sfere-razvlecheniy-i-gostepriimstva-pp/index.html.
Thu Feb  5 12:08:50 MSK 2026: Ошибка при выполнении замены в файле ecodpo.ru/abakan/menedzhment-v-smi-pp/index.html.
Thu Feb  5 12:08:50 MSK 2026: Ошибка при выполнении замены в файле ecodpo.ru/abakan/menedzhment-v-sotsialnoy-sfere-pp/index.html.
Thu Feb  5 12:08:50 MSK 2026: Ошибка при выполнении замены в файле ecodpo.ru/abakan/menedzhment-v-stroitelstve-pp/index.html.
Thu Feb  5 12:08:50 MSK 2026: Ошибка при выполнении замены в файле ecodpo.ru/abakan/menedzhment-v-turizme-pp/index.html.
Thu Feb  5 12:08:50 MSK 2026: Ошибка при выполнении замены в файле ecodpo.ru/abakan/menedzhment-v-zdravookhranenii-pp/index.html.
Thu Feb  5 12:08:50 MSK 2026: Ошибка при выполнении замены в файле ecodpo.ru/abakan/merchandayzing-pp/index.html.
Thu Feb  5 12:08:50 MSK 2026: Ошибка при выполнении замены в файле ecodpo.ru/abakan/metallografiya-i-korrozionnye-ispytaniya-pp/index.html.
Thu Feb  5 12:08:50 MSK 2026: Ошибка при выполнении замены в файле ecodpo.ru/abakan/metallografiya-pp/index.html.
Thu Feb  5 12:08:50 MSK 2026: Ошибка при выполнении замены в файле ecodpo.ru/abakan/metallovedenie-pp/index.html.
Thu Feb  5 12:08:50 MSK 2026: Ошибка при выполнении замены в файле ecodpo.ru/abakan/metallurgiya-chernykh-i-tsvetnykh-metallov-pp/index.html.
Thu Feb  5 12:08:50 MSK 2026: Ошибка при выполнении замены в файле ecodpo.ru/abakan/metallurgiya-professionalnaya-perepodgotovka/index.html.
Thu Feb  5 12:08:50 MSK 2026: Ошибка при выполнении замены в файле ecodpo.ru/abakan/metodiki-psikhologicheskoy-pomoshchi-sportsmenam-pp/index.html.
Thu Feb  5 12:08:50 MSK 2026: Ошибка при выполнении замены в файле ecodpo.ru/abakan/metodist-doshkolnogo-obrazovaniya-pp/index.html.
Thu Feb  5 12:08:50 MSK 2026: Ошибка при выполнении замены в файле ecodpo.ru/abakan/metodist-dpo-pp/index.html.
Thu Feb  5 12:08:50 MSK 2026: Ошибка при выполнении замены в файле ecodpo.ru/abakan/metodist-obrazovatelnykh-uchrezhdeniy-pp/index.html.
Thu Feb  5 12:08:50 MSK 2026: Ошибка при выполнении замены в файле ecodpo.ru/abakan/metodist-po-fizkulture-i-sportu-pp/index.html.
Thu Feb  5 12:08:50 MSK 2026: Ошибка при выполнении замены в файле ecodpo.ru/abakan/metodist-pp/index.html.
Thu Feb  5 12:08:51 MSK 2026: Ошибка при выполнении замены в файле ecodpo.ru/abakan/metodist-spo-pp/index.html.
Thu Feb  5 12:08:51 MSK 2026: Ошибка при выполнении замены в файле ecodpo.ru/abakan/metodist-v-sfere-kultury-pp/index.html.
Thu Feb  5 12:08:51 MSK 2026: Ошибка при выполнении замены в файле ecodpo.ru/abakan/metody-i-sredstva-khimicheskogo-analiza-v-deyatelnosti-ispytatelnykh-laboratoriy-pp/index.html.
Thu Feb  5 12:08:51 MSK 2026: Ошибка при выполнении замены в файле ecodpo.ru/abakan/metrologicheskiy-kontrol-professionalnaya-perepodgotovka/index.html.
Thu Feb  5 12:08:51 MSK 2026: Ошибка при выполнении замены в файле ecodpo.ru/abakan/metrologiya-i-metrologicheskoe-obespechenie-pp/index.html.
Thu Feb  5 12:08:51 MSK 2026: Ошибка при выполнении замены в файле ecodpo.ru/abakan/metrologiya-pp/index.html.
Thu Feb  5 12:08:51 MSK 2026: Ошибка при выполнении замены в файле ecodpo.ru/abakan/metrologiya-standartizatsiya-i-sertifikatsiya-pp/index.html.
Thu Feb  5 12:08:51 MSK 2026: Ошибка при выполнении замены в файле ecodpo.ru/abakan/metrologiya-standartizatsiya-i-sertifikatsiya-v-atomnoy-otrasli-pp/index.html.
Thu Feb  5 12:08:51 MSK 2026: Ошибка при выполнении замены в файле ecodpo.ru/abakan/metrologiya-v-neftegazovoy-promyshlennosti-pp/index.html.
Thu Feb  5 12:08:51 MSK 2026: Ошибка при выполнении замены в файле ecodpo.ru/abakan/mezhdunarodnoe-pravo-pp/index.html.
Thu Feb  5 12:08:51 MSK 2026: Ошибка при выполнении замены в файле ecodpo.ru/abakan/mezhkulturnaya-kommunikatsiya-pp/index.html.
Thu Feb  5 12:08:51 MSK 2026: Ошибка при выполнении замены в файле ecodpo.ru/abakan/micheskie-metody-analiza-kontrol-kachestva-nefti-i-produktov-ee-pererabotki-pp/index.html.
Thu Feb  5 12:08:51 MSK 2026: Ошибка при выполнении замены в файле ecodpo.ru/abakan/mikrobiologiya-i-osnovy-bakteriologii-pp/index.html.
Thu Feb  5 12:08:51 MSK 2026: Ошибка при выполнении замены в файле ecodpo.ru/abakan/mikrobiologiya-pp/index.html.
Thu Feb  5 12:08:51 MSK 2026: Ошибка при выполнении замены в файле ecodpo.ru/abakan/mirovaya-ekonomika-pp/index.html.
Thu Feb  5 12:08:51 MSK 2026: Ошибка при выполнении замены в файле ecodpo.ru/abakan/mladshaya-meditsinskaya-sestra-pp/index.html.
Thu Feb  5 12:08:51 MSK 2026: Ошибка при выполнении замены в файле ecodpo.ru/abakan/mladshiy-vospitatel-detskogo-sada-pp/index.html.
Thu Feb  5 12:08:52 MSK 2026: Ошибка при выполнении замены в файле ecodpo.ru/abakan/molodezhnaya-politika-pp/index.html.
Thu Feb  5 12:08:52 MSK 2026: Ошибка при выполнении замены в файле ecodpo.ru/abakan/montazh-i-ekspluatatsiya-kholodilnogo-oborudovaniya-pp/index.html.
Thu Feb  5 12:08:52 MSK 2026: Ошибка при выполнении замены в файле ecodpo.ru/abakan/montazh-i-ekspluatatsiya-liniy-elektroperedachi-pp/index.html.
Thu Feb  5 12:08:52 MSK 2026: Ошибка при выполнении замены в файле ecodpo.ru/abakan/montazh-i-ekspluatatsiya-oborudovaniya-i-sistem-gazosnabzheniya-pp/index.html.
Thu Feb  5 12:08:52 MSK 2026: Ошибка при выполнении замены в файле ecodpo.ru/abakan/montazh-i-tekhnicheskoe-obsluzhivanie-elektronnykh-ustroystv-pp/index.html.
Thu Feb  5 12:08:52 MSK 2026: Ошибка при выполнении замены в файле ecodpo.ru/abakan/montazh-navesnykh-ventiliruemykh-fasadov-i-fasadnykh-sistem-pp/index.html.
Thu Feb  5 12:08:52 MSK 2026: Ошибка при выполнении замены в файле ecodpo.ru/abakan/mosty-i-tonneli-pp/index.html.
Thu Feb  5 12:08:52 MSK 2026: Ошибка при выполнении замены в файле ecodpo.ru/abakan/muzeynoe-delo-pp/index.html.
Thu Feb  5 12:08:52 MSK 2026: Ошибка при выполнении замены в файле ecodpo.ru/abakan/muzeynyy-menedzhment-pp/index.html.
Thu Feb  5 12:08:52 MSK 2026: Ошибка при выполнении замены в файле ecodpo.ru/abakan/muzykalnyy-rukovoditel-v-dou-pp/index.html.
Thu Feb  5 12:08:52 MSK 2026: Ошибка при выполнении замены в файле ecodpo.ru/abakan/narkologiya-sredniy-med-personal-pp/index.html.
Thu Feb  5 12:08:52 MSK 2026: Ошибка при выполнении замены в файле ecodpo.ru/abakan/naruzhnye-inzhenernye-sistemy-otopleniya-ventilyatsii-i-vodosnabzheniya-pp/index.html.
Thu Feb  5 12:08:52 MSK 2026: Ошибка при выполнении замены в файле ecodpo.ru/abakan/nedropolzovanie-pp/index.html.
Thu Feb  5 12:08:52 MSK 2026: Ошибка при выполнении замены в файле ecodpo.ru/abakan/nefrologiya-vrachi-pp/index.html.
Thu Feb  5 12:08:52 MSK 2026: Ошибка при выполнении замены в файле ecodpo.ru/abakan/neftegazovoe-delo-na-baze-vysshego-obrazovaniya-pp/index.html.
Thu Feb  5 12:08:52 MSK 2026: Ошибка при выполнении замены в файле ecodpo.ru/abakan/neftegazovoe-delo-professionalnaya-perepodgotovka/index.html.
Thu Feb  5 12:08:52 MSK 2026: Ошибка при выполнении замены в файле ecodpo.ru/abakan/neonatologiya-pp/index.html.
Thu Feb  5 12:08:52 MSK 2026: Ошибка при выполнении замены в файле ecodpo.ru/abakan/nevrologiya-vrachi-pp/index.html.
Thu Feb  5 12:08:53 MSK 2026: Ошибка при выполнении замены в файле ecodpo.ru/abakan/neyrofitnes-pp/index.html.
Thu Feb  5 12:08:53 MSK 2026: Ошибка при выполнении замены в файле ecodpo.ru/abakan/neyrokhirurgiya-vrachi-pp/index.html.
Thu Feb  5 12:08:53 MSK 2026: Ошибка при выполнении замены в файле ecodpo.ru/abakan/neyropsikhologiya-pp/index.html.
Thu Feb  5 12:08:53 MSK 2026: Ошибка при выполнении замены в файле ecodpo.ru/abakan/neyropsikhologiya-v-obrazovaniii-korrektsionnoy-pedagogike-pp/index.html.
Thu Feb  5 12:08:53 MSK 2026: Ошибка при выполнении замены в файле ecodpo.ru/abakan/neyropsikhologiya-vobrazovaniii-korrektsionnoy-pedagogike-pp/index.html.
Thu Feb  5 12:08:53 MSK 2026: Ошибка при выполнении замены в файле ecodpo.ru/abakan/nezavisimaya-tekhnicheskaya-ekspertiza-transportnykh-sredstv-510-chasov-pp/index.html.
Thu Feb  5 12:08:53 MSK 2026: Ошибка при выполнении замены в файле ecodpo.ru/abakan/nogtevoy-servis-pp/index.html.
Thu Feb  5 12:08:53 MSK 2026: Ошибка при выполнении замены в файле ecodpo.ru/abakan/nogtevoy-servis1-pp/index.html.
Thu Feb  5 12:08:53 MSK 2026: Ошибка при выполнении замены в файле ecodpo.ru/abakan/notarius-pp/index.html.
Thu Feb  5 12:08:53 MSK 2026: Ошибка при выполнении замены в файле ecodpo.ru/abakan/nutritsiologiya-pp/index.html.
Thu Feb  5 12:08:53 MSK 2026: Ошибка при выполнении замены в файле ecodpo.ru/abakan/obogashchenie-poleznykh-iskopaemykh-pp/index.html.
Thu Feb  5 12:08:53 MSK 2026: Ошибка при выполнении замены в файле ecodpo.ru/abakan/oborudovanie-i-mashiny-gazovykh-i-neftyanykh-promyslov-pp/index.html.
Thu Feb  5 12:08:53 MSK 2026: Ошибка при выполнении замены в файле ecodpo.ru/abakan/oborudovanie-neftegazopererabotki-pp/index.html.
Thu Feb  5 12:08:53 MSK 2026: Ошибка при выполнении замены в файле ecodpo.ru/abakan/obrazovatelnoe-pravo-pp/index.html.
Thu Feb  5 12:08:53 MSK 2026: Ошибка при выполнении замены в файле ecodpo.ru/abakan/obshchaya-gigiena-vrachi-pp/index.html.
Thu Feb  5 12:08:53 MSK 2026: Ошибка при выполнении замены в файле ecodpo.ru/abakan/obshchaya-praktika-sredniy-med-personal-pp/index.html.
Thu Feb  5 12:08:53 MSK 2026: Ошибка при выполнении замены в файле ecodpo.ru/abakan/obshchaya-psikhologiya-pp/index.html.
Thu Feb  5 12:08:54 MSK 2026: Ошибка при выполнении замены в файле ecodpo.ru/abakan/obshchaya-vrachebnaya-praktika-semeynaya-meditsina-vrachi-pp/index.html.
Thu Feb  5 12:08:54 MSK 2026: Ошибка при выполнении замены в файле ecodpo.ru/abakan/obsledovanie-ispytanie-i-rekonstruktsiya-zdaniy-i-sooruzheniy-pp/index.html.
Thu Feb  5 12:08:54 MSK 2026: Ошибка при выполнении замены в файле ecodpo.ru/abakan/obsluzhivanie-i-ekspluatatsii-elektricheskogo-oborudovaniya-pp/index.html.
Thu Feb  5 12:08:54 MSK 2026: Ошибка при выполнении замены в файле ecodpo.ru/abakan/obuchenie-detey-s-ovz-pp/index.html.
Thu Feb  5 12:08:54 MSK 2026: Ошибка при выполнении замены в файле ecodpo.ru/abakan/oftalmologiya-vrachi-pp/index.html.
Thu Feb  5 12:08:54 MSK 2026: Ошибка при выполнении замены в файле ecodpo.ru/abakan/okhrana-okruzhayushchey-sredy-pp/index.html.
Thu Feb  5 12:08:54 MSK 2026: Ошибка при выполнении замены в файле ecodpo.ru/abakan/okhrana-truda-professionalnaya-perepodgotovka/index.html.
Thu Feb  5 12:08:54 MSK 2026: Ошибка при выполнении замены в файле ecodpo.ru/abakan/oligofrenopedagogika-pp/index.html.
Thu Feb  5 12:08:54 MSK 2026: Ошибка при выполнении замены в файле ecodpo.ru/abakan/onkologiya-vrachi-pp/index.html.
Thu Feb  5 12:08:54 MSK 2026: Ошибка при выполнении замены в файле ecodpo.ru/abakan/operativnaya-psikhologiya-pp/index.html.
Thu Feb  5 12:08:54 MSK 2026: Ошибка при выполнении замены в файле ecodpo.ru/abakan/operator-evm-pp/index.html.
Thu Feb  5 12:08:54 MSK 2026: Ошибка при выполнении замены в файле ecodpo.ru/abakan/operator-sredstv-massovoy-informatsii-pp/index.html.
Thu Feb  5 12:08:54 MSK 2026: Ошибка при выполнении замены в файле ecodpo.ru/abakan/operatsionnoe-delo-pp/index.html.
Thu Feb  5 12:08:54 MSK 2026: Ошибка при выполнении замены в файле ecodpo.ru/abakan/operatsionnyy-menedzhment-pp/index.html.
Thu Feb  5 12:08:54 MSK 2026: Ошибка при выполнении замены в файле ecodpo.ru/abakan/organizatsionnaya-psikhologiya-i-upravlenie-personalom-pp/index.html.
Thu Feb  5 12:08:54 MSK 2026: Ошибка при выполнении замены в файле ecodpo.ru/abakan/organizatsionnaya-psikhologiya-pp/index.html.
Thu Feb  5 12:08:54 MSK 2026: Ошибка при выполнении замены в файле ecodpo.ru/abakan/organizatsiya-i-obespechenie-remonta-elektronnogo-oborudovaniya-podemnykh-sooruzheniy-pp/index.html.
Thu Feb  5 12:08:55 MSK 2026: Ошибка при выполнении замены в файле ecodpo.ru/abakan/organizatsiya-i-predostavlenie-uslug-pochtovoy-svyazi-pp/index.html.
Thu Feb  5 12:08:55 MSK 2026: Ошибка при выполнении замены в файле ecodpo.ru/abakan/organizatsiya-i-provedenie-zanyatiy-po-detskoy-yoge-pp/index.html.
Thu Feb  5 12:08:55 MSK 2026: Ошибка при выполнении замены в файле ecodpo.ru/abakan/organizatsiya-perevozok-i-upravlenie-na-transporte-pp/index.html.
Thu Feb  5 12:08:55 MSK 2026: Ошибка при выполнении замены в файле ecodpo.ru/abakan/organizatsiya-perevozok-i-upravlenie-na-vodnom-transporte-pp/index.html.
Thu Feb  5 12:08:55 MSK 2026: Ошибка при выполнении замены в файле ecodpo.ru/abakan/organizatsiya-restavratsionnoy-raboty-pp/index.html.
Thu Feb  5 12:08:55 MSK 2026: Ошибка при выполнении замены в файле ecodpo.ru/abakan/organizatsiya-sestrinskogo-dela-pp/index.html.
Thu Feb  5 12:08:55 MSK 2026: Ошибка при выполнении замены в файле ecodpo.ru/abakan/organizatsiya-snabzheniya-pp/index.html.
Thu Feb  5 12:08:55 MSK 2026: Ошибка при выполнении замены в файле ecodpo.ru/abakan/organizatsiya-stroitelstva-pp/index.html.
Thu Feb  5 12:08:55 MSK 2026: Ошибка при выполнении замены в файле ecodpo.ru/abakan/organizatsiya-zdravookhraneniya-i-obshchestvennoe-zdorove-pp/index.html.
Thu Feb  5 12:08:55 MSK 2026: Ошибка при выполнении замены в файле ecodpo.ru/abakan/ortodontiya-pp/index.html.
Thu Feb  5 12:08:55 MSK 2026: Ошибка при выполнении замены в файле ecodpo.ru/abakan/osnovy-frontend-razrabotki-frontend-razrabotchik-pp/index.html.
Thu Feb  5 12:08:55 MSK 2026: Ошибка при выполнении замены в файле ecodpo.ru/abakan/osnovy-pravoslavnoy-kultury-pp/index.html.
Thu Feb  5 12:08:55 MSK 2026: Ошибка при выполнении замены в файле ecodpo.ru/abakan/osnovy-vedeniya-gazospasatelnykh-rabot-pp/index.html.
Thu Feb  5 12:08:55 MSK 2026: Ошибка при выполнении замены в файле ecodpo.ru/abakan/otkrytye-gornye-raboty-pp/index.html.
Thu Feb  5 12:08:55 MSK 2026: Ошибка при выполнении замены в файле ecodpo.ru/abakan/otorinolaringologiya-vrachi-pp/index.html.
Thu Feb  5 12:08:55 MSK 2026: Ошибка при выполнении замены в файле ecodpo.ru/abakan/otsenka-antikvariata-pp/index.html.
Thu Feb  5 12:08:55 MSK 2026: Ошибка при выполнении замены в файле ecodpo.ru/abakan/otsenka-personala-pp/index.html.
Thu Feb  5 12:08:56 MSK 2026: Ошибка при выполнении замены в файле ecodpo.ru/abakan/otsenka-pozharnogo-riska-i-pozharnyy-audit-pp/index.html.
Thu Feb  5 12:08:56 MSK 2026: Ошибка при выполнении замены в файле ecodpo.ru/abakan/otsenka-sootvetstviya-liftov-trebovaniyam-bezopasnosti-pp/index.html.
Thu Feb  5 12:08:56 MSK 2026: Ошибка при выполнении замены в файле ecodpo.ru/abakan/otsenka-stoimosti-mashin-oborudovaniya-i-transportnykh-sredstv-pp/index.html.
Thu Feb  5 12:08:56 MSK 2026: Ошибка при выполнении замены в файле ecodpo.ru/abakan/otsenka-stoimosti-mashin-oborudovaniya-i-transportnykh-sredstv1-pp/index.html.
Thu Feb  5 12:08:56 MSK 2026: Ошибка при выполнении замены в файле ecodpo.ru/abakan/otsenka-stoimosti-nedvizhimosti-pp/index.html.
Thu Feb  5 12:08:56 MSK 2026: Ошибка при выполнении замены в файле ecodpo.ru/abakan/otsenka-stoimosti-predpriyatiya-biznesa-pp/index.html.
Thu Feb  5 12:08:56 MSK 2026: Ошибка при выполнении замены в файле ecodpo.ru/abakan/otsenka-sudebnaya-stroitelno-tekhnicheskaya-i-stoimostnaya-ekspertizy-obektov-nedvizhimosti-pp/index.html.
Thu Feb  5 12:08:56 MSK 2026: Ошибка при выполнении замены в файле ecodpo.ru/abakan/otvetstvennyy-za-bezopasnuyu-ekspluatatsiyu-gazovogo-khozyaystva-pp/index.html.
Thu Feb  5 12:08:56 MSK 2026: Ошибка при выполнении замены в файле ecodpo.ru/abakan/parazitologiya-vrachi-pp/index.html.
Thu Feb  5 12:08:56 MSK 2026: Ошибка при выполнении замены в файле ecodpo.ru/abakan/patentoved-pp/index.html.
Thu Feb  5 12:08:56 MSK 2026: Ошибка при выполнении замены в файле ecodpo.ru/abakan/patologicheskaya-anatomiya-vrachi-pp/index.html.
Thu Feb  5 12:08:56 MSK 2026: Ошибка при выполнении замены в файле ecodpo.ru/abakan/pchelovodstvo-pp/index.html.
Thu Feb  5 12:08:56 MSK 2026: Ошибка при выполнении замены в файле ecodpo.ru/abakan/pedagog-bibliotekar-pp/index.html.
Thu Feb  5 12:08:56 MSK 2026: Ошибка при выполнении замены в файле ecodpo.ru/abakan/pedagog-dopolnitelnogo-obrazovaniya-detey-i-vzroslykh-pp/index.html.
Thu Feb  5 12:08:56 MSK 2026: Ошибка при выполнении замены в файле ecodpo.ru/abakan/pedagog-dopolnitelnogo-obrazovaniya-v-sfere-sporta-pp/index.html.
Thu Feb  5 12:08:56 MSK 2026: Ошибка при выполнении замены в файле ecodpo.ru/abakan/pedagog-dopolnitelnogo-professionalnogo-obrazovaniya-dpo-pp/index.html.
Thu Feb  5 12:08:56 MSK 2026: Ошибка при выполнении замены в файле ecodpo.ru/abakan/pedagog-khoreograf-pp/index.html.
Thu Feb  5 12:08:56 MSK 2026: Ошибка при выполнении замены в файле ecodpo.ru/abakan/pedagog-organizator-pp/index.html.
Thu Feb  5 12:08:57 MSK 2026: Ошибка при выполнении замены в файле ecodpo.ru/abakan/pedagog-organizator-spo-pp/index.html.
Thu Feb  5 12:08:57 MSK 2026: Ошибка при выполнении замены в файле ecodpo.ru/abakan/pedagog-po-gitare-pp/index.html.
Thu Feb  5 12:08:57 MSK 2026: Ошибка при выполнении замены в файле ecodpo.ru/abakan/pedagog-po-lechebnoy-fizkulture-pp/index.html.
Thu Feb  5 12:08:57 MSK 2026: Ошибка при выполнении замены в файле ecodpo.ru/abakan/pedagog-po-vokalu-pp/index.html.
Thu Feb  5 12:08:57 MSK 2026: Ошибка при выполнении замены в файле ecodpo.ru/abakan/pedagog-professionalnogo-obrazovaniya-pp/index.html.
Thu Feb  5 12:08:57 MSK 2026: Ошибка при выполнении замены в файле ecodpo.ru/abakan/pedagog-psikholog-na-baze-vysshego-obrazovaniya-pp/index.html.
Thu Feb  5 12:08:57 MSK 2026: Ошибка при выполнении замены в файле ecodpo.ru/abakan/pedagog-psikholog-pp/index.html.
Thu Feb  5 12:08:57 MSK 2026: Ошибка при выполнении замены в файле ecodpo.ru/abakan/pedagog-rannego-razvitiya-pp/index.html.
Thu Feb  5 12:08:57 MSK 2026: Ошибка при выполнении замены в файле ecodpo.ru/abakan/pedagog-vysshey-shkoly-pp/index.html.
Thu Feb  5 12:08:57 MSK 2026: Ошибка при выполнении замены в файле ecodpo.ru/abakan/pedagogicheskaya-deyatelnost-v-oblasti-vospitaniya-v-detskikh-domakh-i-internatakh-s-detmi-ovz-pp/index.html.
Thu Feb  5 12:08:57 MSK 2026: Ошибка при выполнении замены в файле ecodpo.ru/abakan/pedagogika-i-metodika-v-obrazovanii-pp/index.html.
Thu Feb  5 12:08:57 MSK 2026: Ошибка при выполнении замены в файле ecodpo.ru/abakan/pedagogika-professionalnaya-perepodgotovka/index.html.
Thu Feb  5 12:08:57 MSK 2026: Ошибка при выполнении замены в файле ecodpo.ru/abakan/pediatriya-vrachi-pp/index.html.
Thu Feb  5 12:08:57 MSK 2026: Ошибка при выполнении замены в файле ecodpo.ru/abakan/pererabotke-nefti-i-gaza-pp/index.html.
Thu Feb  5 12:08:57 MSK 2026: Ошибка при выполнении замены в файле ecodpo.ru/abakan/perevodchik-angl-yazyka-pp/index.html.
Thu Feb  5 12:08:57 MSK 2026: Ошибка при выполнении замены в файле ecodpo.ru/abakan/pishchevaya-promyshlennost-professionalnaya-perepodgotovka/index.html.
Thu Feb  5 12:08:57 MSK 2026: Ошибка при выполнении замены в файле ecodpo.ru/abakan/podemnye-sooruzheniya-professionalnaya-perepodgotovka/index.html.
Thu Feb  5 12:08:58 MSK 2026: Ошибка при выполнении замены в файле ecodpo.ru/abakan/pokhoronnoe-delo-pp/index.html.
Thu Feb  5 12:08:58 MSK 2026: Ошибка при выполнении замены в файле ecodpo.ru/abakan/povar-pp/index.html.
Thu Feb  5 12:08:58 MSK 2026: Ошибка при выполнении замены в файле ecodpo.ru/abakan/pozharnaya-bezopasnost-professionalnaya-perepodgotovka/index.html.
Thu Feb  5 12:08:58 MSK 2026: Ошибка при выполнении замены в файле ecodpo.ru/abakan/pozharnaya-bezopasnost-v-neftegazovoy-sfere-pp/index.html.
Thu Feb  5 12:08:58 MSK 2026: Ошибка при выполнении замены в файле ecodpo.ru/abakan/pozharotushenie-i-avariyno-spasatelnye-raboty-pp/index.html.
Thu Feb  5 12:08:58 MSK 2026: Ошибка при выполнении замены в файле ecodpo.ru/abakan/prakticheskaya-psikhologiya-pp/index.html.
Thu Feb  5 12:08:58 MSK 2026: Ошибка при выполнении замены в файле ecodpo.ru/abakan/pravila-normokontrolya-i-metrologicheskoy-ekspertizy-tekhnicheskikh-dokumentov-pp/index.html.
Thu Feb  5 12:08:58 MSK 2026: Ошибка при выполнении замены в файле ecodpo.ru/abakan/pravo-i-organizatsiya-sotsialnogo-obespecheniya-pp/index.html.
Thu Feb  5 12:08:58 MSK 2026: Ошибка при выполнении замены в файле ecodpo.ru/abakan/pravookhranitelnaya-deyatelnost-pp/index.html.
Thu Feb  5 12:08:58 MSK 2026: Ошибка при выполнении замены в файле ecodpo.ru/abakan/pravovedenie-pp/index.html.
Thu Feb  5 12:08:58 MSK 2026: Ошибка при выполнении замены в файле ecodpo.ru/abakan/pravovoe-obespechenie-natsionalnoy-bezopasnosti-pp/index.html.
Thu Feb  5 12:08:58 MSK 2026: Ошибка при выполнении замены в файле ecodpo.ru/abakan/pravovoe-regulirovanie-bankrotstva-pp/index.html.
Thu Feb  5 12:08:58 MSK 2026: Ошибка при выполнении замены в файле ecodpo.ru/abakan/pravovoe-regulirovanie-v-turizme-pp/index.html.
Thu Feb  5 12:08:58 MSK 2026: Ошибка при выполнении замены в файле ecodpo.ru/abakan/prepodavatel-elektrotekhniki-pp/index.html.
Thu Feb  5 12:08:58 MSK 2026: Ошибка при выполнении замены в файле ecodpo.ru/abakan/prepodavatel-filosofii-pp/index.html.
Thu Feb  5 12:08:58 MSK 2026: Ошибка при выполнении замены в файле ecodpo.ru/abakan/prepodavatel-finansovoy-gramotnosti-pp/index.html.
Thu Feb  5 12:08:58 MSK 2026: Ошибка при выполнении замены в файле ecodpo.ru/abakan/prepodavatel-fortepiano-pp/index.html.
Thu Feb  5 12:08:59 MSK 2026: Ошибка при выполнении замены в файле ecodpo.ru/abakan/prepodavatel-frantsuzskogo-yazyka-pp/index.html.
Thu Feb  5 12:08:59 MSK 2026: Ошибка при выполнении замены в файле ecodpo.ru/abakan/prepodavatel-inostrannogo-yazyka-pp/index.html.
Thu Feb  5 12:08:59 MSK 2026: Ошибка при выполнении замены в файле ecodpo.ru/abakan/prepodavatel-istorii-iskusstv-pp/index.html.
Thu Feb  5 12:08:59 MSK 2026: Ошибка при выполнении замены в файле ecodpo.ru/abakan/prepodavatel-latinskogo-yazyka-pp/index.html.
Thu Feb  5 12:08:59 MSK 2026: Ошибка при выполнении замены в файле ecodpo.ru/abakan/prepodavatel-muzykalno-teoreticheskikh-distsiplin-pp/index.html.
Thu Feb  5 12:08:59 MSK 2026: Ошибка при выполнении замены в файле ecodpo.ru/abakan/prepodavatel-pravovykh-distsiplin-pp/index.html.
Thu Feb  5 12:08:59 MSK 2026: Ошибка при выполнении замены в файле ecodpo.ru/abakan/prepodavatel-srednego-professionalnogo-obrazovaniya-pp/index.html.
Thu Feb  5 12:08:59 MSK 2026: Ошибка при выполнении замены в файле ecodpo.ru/abakan/prepodavatel-vysshey-shkoly-pp/index.html.
Thu Feb  5 12:08:59 MSK 2026: Ошибка при выполнении замены в файле ecodpo.ru/abakan/prirodopolzovanie-pp/index.html.
Thu Feb  5 12:08:59 MSK 2026: Ошибка при выполнении замены в файле ecodpo.ru/abakan/prodyuser-kino-i-televideniya-pp/index.html.
Thu Feb  5 12:08:59 MSK 2026: Ошибка при выполнении замены в файле ecodpo.ru/abakan/prodyusirovanie-pp/index.html.
Thu Feb  5 12:08:59 MSK 2026: Ошибка при выполнении замены в файле ecodpo.ru/abakan/proektirovanie-gazovoy-i-neftegazovoy-promyshlennosti-pp/index.html.
Thu Feb  5 12:08:59 MSK 2026: Ошибка при выполнении замены в файле ecodpo.ru/abakan/proektirovanie-i-stroitelstvo-obektov-neftegazovoy-otrasli-pp/index.html.
Thu Feb  5 12:08:59 MSK 2026: Ошибка при выполнении замены в файле ecodpo.ru/abakan/proektirovanie-inzhenernykh-sistem-pp/index.html.
Thu Feb  5 12:08:59 MSK 2026: Ошибка при выполнении замены в файле ecodpo.ru/abakan/proektirovanie-inzhenernykh-sistem-zdaniy-i-sooruzheniy-pp/index.html.
Thu Feb  5 12:08:59 MSK 2026: Ошибка при выполнении замены в файле ecodpo.ru/abakan/proektirovanie-naruzhnykh-gazoprovodov-i-sooruzheniy-pp/index.html.
Thu Feb  5 12:08:59 MSK 2026: Ошибка при выполнении замены в файле ecodpo.ru/abakan/proektirovanie-neftegazovykh-obektov-pp/index.html.
Thu Feb  5 12:09:00 MSK 2026: Ошибка при выполнении замены в файле ecodpo.ru/abakan/proektirovanie-professionalnaya-perepodgotovka/index.html.
Thu Feb  5 12:09:00 MSK 2026: Ошибка при выполнении замены в файле ecodpo.ru/abakan/proektirovanie-sistem-dymoudaleniya-pozharotusheniya-signalizatsii-i-opoveshcheniya-pp/index.html.
Thu Feb  5 12:09:00 MSK 2026: Ошибка при выполнении замены в файле ecodpo.ru/abakan/proektirovanie-sistem-kholodosnabzheniya-pp/index.html.
Thu Feb  5 12:09:00 MSK 2026: Ошибка при выполнении замены в файле ecodpo.ru/abakan/proektirovanie-sooruzhenie-i-ekspluatatsiya-gazonefteprovodov-i-gazoneftekhranilishch-pp/index.html.
Thu Feb  5 12:09:00 MSK 2026: Ошибка при выполнении замены в файле ecodpo.ru/abakan/proektirovanie-v-sisteme-autocad-pp/index.html.
Thu Feb  5 12:09:00 MSK 2026: Ошибка при выполнении замены в файле ecodpo.ru/abakan/proektirovanie-zdaniy-i-sooruzheniy-pp/index.html.
Thu Feb  5 12:09:00 MSK 2026: Ошибка при выполнении замены в файле ecodpo.ru/abakan/proektirovshchik-pozharnoy-bezopasnosti-pp/index.html.
Thu Feb  5 12:09:00 MSK 2026: Ошибка при выполнении замены в файле ecodpo.ru/abakan/professii-razlichnykh-otrasley-pp-professionalnaya-perepodgotovka/index.html.
Thu Feb  5 12:09:00 MSK 2026: Ошибка при выполнении замены в файле ecodpo.ru/abakan/proforientolog-pp/index.html.
Thu Feb  5 12:09:00 MSK 2026: Ошибка при выполнении замены в файле ecodpo.ru/abakan/profpatologiya-vrachi-pp/index.html.
Thu Feb  5 12:09:00 MSK 2026: Ошибка при выполнении замены в файле ecodpo.ru/abakan/programmirovanie-pp/index.html.
Thu Feb  5 12:09:00 MSK 2026: Ошибка при выполнении замены в файле ecodpo.ru/abakan/proizvodstvennyy-menedzhment-pp/index.html.
Thu Feb  5 12:09:00 MSK 2026: Ошибка при выполнении замены в файле ecodpo.ru/abakan/proizvodstvo-i-kontrol-kachestva-meditsinskikh-izdeliy-pp/index.html.
Thu Feb  5 12:09:00 MSK 2026: Ошибка при выполнении замены в файле ecodpo.ru/abakan/proizvodstvo-izdeliy-i-pokrytiy-iz-polimernykh-materialov-pp/index.html.
Thu Feb  5 12:09:00 MSK 2026: Ошибка при выполнении замены в файле ecodpo.ru/abakan/proizvodstvo-stroitelnykh-materialov-izdeliy-i-konstruktsiy-pp/index.html.
Thu Feb  5 12:09:00 MSK 2026: Ошибка при выполнении замены в файле ecodpo.ru/abakan/proizvodstvo-transport-khranenie-ispolzovanie-promyshlennoy-i-ekologicheskoy-bezopasnosti-szhizhenny-pp/index.html.
Thu Feb  5 12:09:00 MSK 2026: Ошибка при выполнении замены в файле ecodpo.ru/abakan/promyshlennaya-bezopasnost-dlya-rukovoditeley-pp/index.html.
Thu Feb  5 12:09:01 MSK 2026: Ошибка при выполнении замены в файле ecodpo.ru/abakan/promyshlennaya-bezopasnost-na-opasnykh-obektakh-pp/index.html.
Thu Feb  5 12:09:01 MSK 2026: Ошибка при выполнении замены в файле ecodpo.ru/abakan/promyshlennaya-bezopasnost-professionalnaya-perepodgotovka/index.html.
Thu Feb  5 12:09:01 MSK 2026: Ошибка при выполнении замены в файле ecodpo.ru/abakan/promyshlennaya-elektronika-pp/index.html.
Thu Feb  5 12:09:01 MSK 2026: Ошибка при выполнении замены в файле ecodpo.ru/abakan/promyshlennaya-teploenergetika-pp/index.html.
Thu Feb  5 12:09:01 MSK 2026: Ошибка при выполнении замены в файле ecodpo.ru/abakan/promyshlennoe-i-grazhdanskoe-stroitelstvo-pgs-pp/index.html.
Thu Feb  5 12:09:01 MSK 2026: Ошибка при выполнении замены в файле ecodpo.ru/abakan/promyshlennoe-kholodilnoe-oborudovanie-pp/index.html.
Thu Feb  5 12:09:01 MSK 2026: Ошибка при выполнении замены в файле ecodpo.ru/abakan/promyshlennyy-dizayn-pp/index.html.
Thu Feb  5 12:09:01 MSK 2026: Ошибка при выполнении замены в файле ecodpo.ru/abakan/protivodeystvie-korruptsii-pp/index.html.
Thu Feb  5 12:09:01 MSK 2026: Ошибка при выполнении замены в файле ecodpo.ru/abakan/provedenie-ispytaniy-na-bezopasnost-pishchevoy-produktsii-pp/index.html.
Thu Feb  5 12:09:01 MSK 2026: Ошибка при выполнении замены в файле ecodpo.ru/abakan/psikhiatriya-narkologiya-vrachi-pp/index.html.
Thu Feb  5 12:09:01 MSK 2026: Ошибка при выполнении замены в файле ecodpo.ru/abakan/psikhiatriya-vrachi-pp/index.html.
Thu Feb  5 12:09:01 MSK 2026: Ошибка при выполнении замены в файле ecodpo.ru/abakan/psikhoanalitik-pp/index.html.
Thu Feb  5 12:09:01 MSK 2026: Ошибка при выполнении замены в файле ecodpo.ru/abakan/psikhoanaliz-pp/index.html.
Thu Feb  5 12:09:01 MSK 2026: Ошибка при выполнении замены в файле ecodpo.ru/abakan/psikhodrama-pp/index.html.
Thu Feb  5 12:09:01 MSK 2026: Ошибка при выполнении замены в файле ecodpo.ru/abakan/psikholog-dou-pp/index.html.
Thu Feb  5 12:09:01 MSK 2026: Ошибка при выполнении замены в файле ecodpo.ru/abakan/psikholog-kineziolog-pp/index.html.
Thu Feb  5 12:09:01 MSK 2026: Ошибка при выполнении замены в файле ecodpo.ru/abakan/psikholog-kriminalist-pp/index.html.
Thu Feb  5 12:09:02 MSK 2026: Ошибка при выполнении замены в файле ecodpo.ru/abakan/psikholog-na-baze-vysshego-obrazovaniya-pp/index.html.
Thu Feb  5 12:09:02 MSK 2026: Ошибка при выполнении замены в файле ecodpo.ru/abakan/psikholog-na-predpriyatii-pp/index.html.
Thu Feb  5 12:09:02 MSK 2026: Ошибка при выполнении замены в файле ecodpo.ru/abakan/psikholog-reabilitolog-pp/index.html.
Thu Feb  5 12:09:02 MSK 2026: Ошибка при выполнении замены в файле ecodpo.ru/abakan/psikholog-v-detskom-sadu-pp/index.html.
Thu Feb  5 12:09:02 MSK 2026: Ошибка при выполнении замены в файле ecodpo.ru/abakan/psikholog-v-institut-pp/index.html.
Thu Feb  5 12:09:02 MSK 2026: Ошибка при выполнении замены в файле ecodpo.ru/abakan/psikholog-v-kolledzh-pp/index.html.
Thu Feb  5 12:09:02 MSK 2026: Ошибка при выполнении замены в файле ecodpo.ru/abakan/psikholog-v-mchs-pp/index.html.
Thu Feb  5 12:09:02 MSK 2026: Ошибка при выполнении замены в файле ecodpo.ru/abakan/psikholog-v-sotsialnoy-sfere-pp/index.html.
Thu Feb  5 12:09:02 MSK 2026: Ошибка при выполнении замены в файле ecodpo.ru/abakan/psikhologicheskaya-pomoshch-zavisimym-pp/index.html.
Thu Feb  5 12:09:02 MSK 2026: Ошибка при выполнении замены в файле ecodpo.ru/abakan/psikhologicheskie-osnovy-motivatsii-zanyatiy-fitnesom-pp/index.html.
Thu Feb  5 12:09:02 MSK 2026: Ошибка при выполнении замены в файле ecodpo.ru/abakan/psikhologicheskoe-konsultirovanie-pp/index.html.
Thu Feb  5 12:09:02 MSK 2026: Ошибка при выполнении замены в файле ecodpo.ru/abakan/psikhologiya-lichnosti-pp/index.html.
Thu Feb  5 12:09:02 MSK 2026: Ошибка при выполнении замены в файле ecodpo.ru/abakan/psikhologiya-professionalnaya-perepodgotovka/index.html.
Thu Feb  5 12:09:02 MSK 2026: Ошибка при выполнении замены в файле ecodpo.ru/abakan/psikhologiya-sluzhebnoy-deyatelnosti-pp/index.html.
Thu Feb  5 12:09:02 MSK 2026: Ошибка при выполнении замены в файле ecodpo.ru/abakan/psikhologiya-spo-pp/index.html.
Thu Feb  5 12:09:02 MSK 2026: Ошибка при выполнении замены в файле ecodpo.ru/abakan/psikhologiya-upravleniya-pp/index.html.
Thu Feb  5 12:09:02 MSK 2026: Ошибка при выполнении замены в файле ecodpo.ru/abakan/psikhologiya-zavisimosti-pp/index.html.
Thu Feb  5 12:09:03 MSK 2026: Ошибка при выполнении замены в файле ecodpo.ru/abakan/psikhosomatika-pp/index.html.
Thu Feb  5 12:09:03 MSK 2026: Ошибка при выполнении замены в файле ecodpo.ru/abakan/psikhoterapiya-pp/index.html.
Thu Feb  5 12:09:03 MSK 2026: Ошибка при выполнении замены в файле ecodpo.ru/abakan/pulmonologiya-vrachi-pp/index.html.
Thu Feb  5 12:09:03 MSK 2026: Ошибка при выполнении замены в файле ecodpo.ru/abakan/python-programmist-pp/index.html.
Thu Feb  5 12:09:03 MSK 2026: Ошибка при выполнении замены в файле ecodpo.ru/abakan/rabota-s-detmi-s-ovz-pp/index.html.
Thu Feb  5 12:09:03 MSK 2026: Ошибка при выполнении замены в файле ecodpo.ru/abakan/rabotnik-pochtovoy-svyazi-pp/index.html.
Thu Feb  5 12:09:03 MSK 2026: Ошибка при выполнении замены в файле ecodpo.ru/abakan/rabotnik-v-oblasti-obrashcheniya-s-otkhodami-pp/index.html.
Thu Feb  5 12:09:03 MSK 2026: Ошибка при выполнении замены в файле ecodpo.ru/abakan/raboty-po-stroitelstvu-rekonstruktsii-i-kapitalnomu-remontu-otdelochnye-raboty-pp/index.html.
Thu Feb  5 12:09:03 MSK 2026: Ошибка при выполнении замены в файле ecodpo.ru/abakan/radiatsionnaya-bezopasnost-i-radiatsionnyy-kontrol-na-obektakh-ispolzovaniya-atomnoy-energii-pp/index.html.
Thu Feb  5 12:09:03 MSK 2026: Ошибка при выполнении замены в файле ecodpo.ru/abakan/radiatsionnaya-bezopasnost-i-radiatsionnyy-kontrol-pp/index.html.
Thu Feb  5 12:09:03 MSK 2026: Ошибка при выполнении замены в файле ecodpo.ru/abakan/radiatsionnaya-gigiena-vrachi-pp/index.html.
Thu Feb  5 12:09:03 MSK 2026: Ошибка при выполнении замены в файле ecodpo.ru/abakan/radioelektronnye-sistemy-i-kompleksy-pp/index.html.
Thu Feb  5 12:09:03 MSK 2026: Ошибка при выполнении замены в файле ecodpo.ru/abakan/radiologiya-vrachi-pp/index.html.
Thu Feb  5 12:09:03 MSK 2026: Ошибка при выполнении замены в файле ecodpo.ru/abakan/radiosvyaz-radioveshchanie-i-televidenie-pp/index.html.
Thu Feb  5 12:09:03 MSK 2026: Ошибка при выполнении замены в файле ecodpo.ru/abakan/radiotekhnicheskie-sredstva-peredachi-priema-i-obrabotki-signalov-pp/index.html.
Thu Feb  5 12:09:03 MSK 2026: Ошибка при выполнении замены в файле ecodpo.ru/abakan/radiotekhnika-pp/index.html.
Thu Feb  5 12:09:03 MSK 2026: Ошибка при выполнении замены в файле ecodpo.ru/abakan/radioterapiya-vrachi-pp/index.html.
Thu Feb  5 12:09:04 MSK 2026: Ошибка при выполнении замены в файле ecodpo.ru/abakan/raketno-kosmicheskaya-promyshlennost-professionalnaya-perepodgotovka/index.html.
Thu Feb  5 12:09:04 MSK 2026: Ошибка при выполнении замены в файле ecodpo.ru/abakan/razrabotka-i-dobycha-neftyanyh-i-gazovyh-mestorozhdeniy-pp/index.html.
Thu Feb  5 12:09:04 MSK 2026: Ошибка при выполнении замены в файле ecodpo.ru/abakan/razrabotka-i-ekspluatatsiya-neftyanykh-i-gazovykh-mestorozhdeniy-pp/index.html.
Thu Feb  5 12:09:04 MSK 2026: Ошибка при выполнении замены в файле ecodpo.ru/abakan/razrabotka-mestorozhdeniy-poleznykh-iskopaemykh-pp/index.html.
Thu Feb  5 12:09:04 MSK 2026: Ошибка при выполнении замены в файле ecodpo.ru/abakan/razrabotka-neftyanykh-i-gazovykh-mestorozhdeniy-pp/index.html.
Thu Feb  5 12:09:04 MSK 2026: Ошибка при выполнении замены в файле ecodpo.ru/abakan/reabilitatsionnoe-sestrinskoe-delo-sredniy-med-personal-pp/index.html.
Thu Feb  5 12:09:04 MSK 2026: Ошибка при выполнении замены в файле ecodpo.ru/abakan/redaktor-sredstv-massovoy-informatsii-pp/index.html.
Thu Feb  5 12:09:04 MSK 2026: Ошибка при выполнении замены в файле ecodpo.ru/abakan/refleksoterapiya-pp/index.html.
Thu Feb  5 12:09:04 MSK 2026: Ошибка при выполнении замены в файле ecodpo.ru/abakan/reklama-i-svyazi-s-obshchestvennostyu-pp/index.html.
Thu Feb  5 12:09:04 MSK 2026: Ошибка при выполнении замены в файле ecodpo.ru/abakan/rekonstruktsiya-i-restavratsiya-zdaniy-i-sooruzheniy-pp/index.html.
Thu Feb  5 12:09:04 MSK 2026: Ошибка при выполнении замены в файле ecodpo.ru/abakan/rekruting-pp/index.html.
Thu Feb  5 12:09:04 MSK 2026: Ошибка при выполнении замены в файле ecodpo.ru/abakan/remont-i-obsluzhivanie-elektrooborudovaniya-pp/index.html.
Thu Feb  5 12:09:04 MSK 2026: Ошибка при выполнении замены в файле ecodpo.ru/abakan/remont-i-obsluzhivanie-kholodilnogo-oborudovaniya-pp/index.html.
Thu Feb  5 12:09:04 MSK 2026: Ошибка при выполнении замены в файле ecodpo.ru/abakan/rentgenendovaskulyarnye-diagnostika-i-lechenie-vrachi-pp/index.html.
Thu Feb  5 12:09:04 MSK 2026: Ошибка при выполнении замены в файле ecodpo.ru/abakan/rentgenologiya-pp/index.html.
Thu Feb  5 12:09:04 MSK 2026: Ошибка при выполнении замены в файле ecodpo.ru/abakan/rentgenologiya-spo-pp/index.html.
Thu Feb  5 12:09:04 MSK 2026: Ошибка при выполнении замены в файле ecodpo.ru/abakan/rentgenologiya-sredniy-med-personal-pp/index.html.
Thu Feb  5 12:09:05 MSK 2026: Ошибка при выполнении замены в файле ecodpo.ru/abakan/repetitor-pp/index.html.
Thu Feb  5 12:09:05 MSK 2026: Ошибка при выполнении замены в файле ecodpo.ru/abakan/restavrator-stroitelnyy-pp/index.html.
Thu Feb  5 12:09:05 MSK 2026: Ошибка при выполнении замены в файле ecodpo.ru/abakan/restavratsiya-i-prisposoblenie-obektov-arkhitekturnogo-naslediya-pp/index.html.
Thu Feb  5 12:09:05 MSK 2026: Ошибка при выполнении замены в файле ecodpo.ru/abakan/restavratsiya-i-rekonstruktsiya-arkhitekturnogo-naslediya3-pp/index.html.
Thu Feb  5 12:09:05 MSK 2026: Ошибка при выполнении замены в файле ecodpo.ru/abakan/restavratsiya-i-rekonstruktsiya-kulturnogo-naslediya-pp/index.html.
Thu Feb  5 12:09:05 MSK 2026: Ошибка при выполнении замены в файле ecodpo.ru/abakan/restavratsiya-khudozhestvennykh-i-dekorativnykh-izdeliy-pp/index.html.
Thu Feb  5 12:09:05 MSK 2026: Ошибка при выполнении замены в файле ecodpo.ru/abakan/restavratsiya-kozhi-i-kozhanykh-izdeliy-pp/index.html.
Thu Feb  5 12:09:05 MSK 2026: Ошибка при выполнении замены в файле ecodpo.ru/abakan/restavratsiya-mebeli-pp/index.html.
Thu Feb  5 12:09:05 MSK 2026: Ошибка при выполнении замены в файле ecodpo.ru/abakan/restavratsiya-monumentalnoy-zhivopisi-pp/index.html.
Thu Feb  5 12:09:05 MSK 2026: Ошибка при выполнении замены в файле ecodpo.ru/abakan/restavratsiya-professionalnaya-perepodgotovka/index.html.
Thu Feb  5 12:09:05 MSK 2026: Ошибка при выполнении замены в файле ecodpo.ru/abakan/restavratsiya-tkaney-gobelenov-i-kovrov-pp/index.html.
Thu Feb  5 12:09:05 MSK 2026: Ошибка при выполнении замены в файле ecodpo.ru/abakan/revmatologiya-vrachi-pp/index.html.
Thu Feb  5 12:09:05 MSK 2026: Ошибка при выполнении замены в файле ecodpo.ru/abakan/rezhisser-dramaticheskogo-teatra-pp/index.html.
Thu Feb  5 12:09:05 MSK 2026: Ошибка при выполнении замены в файле ecodpo.ru/abakan/rezhisser-massovykh-meropriyatiy-pp/index.html.
Thu Feb  5 12:09:05 MSK 2026: Ошибка при выполнении замены в файле ecodpo.ru/abakan/rezhisser-teatra-kukol-pp/index.html.
Thu Feb  5 12:09:05 MSK 2026: Ошибка при выполнении замены в файле ecodpo.ru/abakan/rezhisser-teatra-pp/index.html.
Thu Feb  5 12:09:05 MSK 2026: Ошибка при выполнении замены в файле ecodpo.ru/abakan/rezhissura-kino-i-televideniya-pp/index.html.
Thu Feb  5 12:09:06 MSK 2026: Ошибка при выполнении замены в файле ecodpo.ru/abakan/rezhissura-montazha-pp/index.html.
Thu Feb  5 12:09:06 MSK 2026: Ошибка при выполнении замены в файле ecodpo.ru/abakan/rezhissura-neigrovogo-kino-i-televideniya-pp/index.html.
Thu Feb  5 12:09:06 MSK 2026: Ошибка при выполнении замены в файле ecodpo.ru/abakan/rezhissura-pp/index.html.
Thu Feb  5 12:09:06 MSK 2026: Ошибка при выполнении замены в файле ecodpo.ru/abakan/rezhissura-professionalnaya-perepodgotovka/index.html.
Thu Feb  5 12:09:06 MSK 2026: Ошибка при выполнении замены в файле ecodpo.ru/abakan/risk-menedzhment-pp/index.html.
Thu Feb  5 12:09:06 MSK 2026: Ошибка при выполнении замены в файле ecodpo.ru/abakan/ritualnye-uslugi-professionalnaya-perepodgotovka/index.html.
Thu Feb  5 12:09:06 MSK 2026: Ошибка при выполнении замены в файле ecodpo.ru/abakan/ritualnyy-agent-pokhoronnyy-agent-pp/index.html.
Thu Feb  5 12:09:06 MSK 2026: Ошибка при выполнении замены в файле ecodpo.ru/abakan/robototekhnika-pp/index.html.
Thu Feb  5 12:09:06 MSK 2026: Ошибка при выполнении замены в файле ecodpo.ru/abakan/rukovoditel-administrativno-khozyaystvennogo-podrazdeleniya-pp/index.html.
Thu Feb  5 12:09:06 MSK 2026: Ошибка при выполнении замены в файле ecodpo.ru/abakan/rukovoditel-doshkolnoy-obrazovatelnoy-organizatsii-menedzhment-v-dou-pp/index.html.
Thu Feb  5 12:09:06 MSK 2026: Ошибка при выполнении замены в файле ecodpo.ru/abakan/rukovoditel-kadrovoy-sluzhby-pp/index.html.
Thu Feb  5 12:09:06 MSK 2026: Ошибка при выполнении замены в файле ecodpo.ru/abakan/rukovoditel-kruzhka-pp/index.html.
Thu Feb  5 12:09:06 MSK 2026: Ошибка при выполнении замены в файле ecodpo.ru/abakan/rukovoditel-obrazovatelnoy-organizatsii-pp/index.html.
Thu Feb  5 12:09:06 MSK 2026: Ошибка при выполнении замены в файле ecodpo.ru/abakan/rukovoditel-okhrannykh-organizatsiy-chop-pp/index.html.
Thu Feb  5 12:09:06 MSK 2026: Ошибка при выполнении замены в файле ecodpo.ru/abakan/rukovoditel-organizatsii-podrazdeleniya-organizatsii-osushchestvlyayushchey-deyatelnost-v-oblasti-fi-pp/index.html.
Thu Feb  5 12:09:06 MSK 2026: Ошибка при выполнении замены в файле ecodpo.ru/abakan/rukovoditel-organizatsii-sotsialnogo-obsluzhivaniya-pp/index.html.
Thu Feb  5 12:09:07 MSK 2026: Ошибка при выполнении замены в файле ecodpo.ru/abakan/rukovoditel-predpriyatiya-pitaniya-pp/index.html.
Thu Feb  5 12:09:07 MSK 2026: Ошибка при выполнении замены в файле ecodpo.ru/abakan/rukovoditel-teatralnogo-kollektiva-pp/index.html.
Thu Feb  5 12:09:07 MSK 2026: Ошибка при выполнении замены в файле ecodpo.ru/abakan/rukovoditel-upravlyayushchiy-gostinitsey-pp/index.html.
Thu Feb  5 12:09:07 MSK 2026: Ошибка при выполнении замены в файле ecodpo.ru/abakan/rukovoditel-yuridicheskogo-departamenta-pp/index.html.
Thu Feb  5 12:09:07 MSK 2026: Ошибка при выполнении замены в файле ecodpo.ru/abakan/sanitarno-gigienicheskie-laboratornye-issledovaniya-vrachi-pp/index.html.
Thu Feb  5 12:09:07 MSK 2026: Ошибка при выполнении замены в файле ecodpo.ru/abakan/sekretar-rukovoditelya-pp/index.html.
Thu Feb  5 12:09:07 MSK 2026: Ошибка при выполнении замены в файле ecodpo.ru/abakan/seksologiya-vrachi-pp/index.html.
Thu Feb  5 12:09:07 MSK 2026: Ошибка при выполнении замены в файле ecodpo.ru/abakan/selskoe-khozyaystvo-pp/index.html.
Thu Feb  5 12:09:07 MSK 2026: Ошибка при выполнении замены в файле ecodpo.ru/abakan/semeynaya-psikhologiya-pp/index.html.
Thu Feb  5 12:09:07 MSK 2026: Ошибка при выполнении замены в файле ecodpo.ru/abakan/semeynaya-psikhoterapiya-pp/index.html.
Thu Feb  5 12:09:07 MSK 2026: Ошибка при выполнении замены в файле ecodpo.ru/abakan/semeynoe-pravo-pp/index.html.
Thu Feb  5 12:09:07 MSK 2026: Ошибка при выполнении замены в файле ecodpo.ru/abakan/seo-spetsialist-pp/index.html.
Thu Feb  5 12:09:07 MSK 2026: Ошибка при выполнении замены в файле ecodpo.ru/abakan/serdechno-sosudistaya-khirurgiya-vrachi-pp/index.html.
Thu Feb  5 12:09:07 MSK 2026: Ошибка при выполнении замены в файле ecodpo.ru/abakan/sestrinskoe-akusherskoe-delo-pp/index.html.
Thu Feb  5 12:09:07 MSK 2026: Ошибка при выполнении замены в файле ecodpo.ru/abakan/sestrinskoe-delo-po-ftiziatrii-pp/index.html.
Thu Feb  5 12:09:07 MSK 2026: Ошибка при выполнении замены в файле ecodpo.ru/abakan/sestrinskoe-delo-pp/index.html.
Thu Feb  5 12:09:07 MSK 2026: Ошибка при выполнении замены в файле ecodpo.ru/abakan/sestrinskoe-delo-v-anesteziologii-i-reanimatologii-pp/index.html.
Thu Feb  5 12:09:08 MSK 2026: Ошибка при выполнении замены в файле ecodpo.ru/abakan/sestrinskoe-delo-v-endoskopii-pp/index.html.
Thu Feb  5 12:09:08 MSK 2026: Ошибка при выполнении замены в файле ecodpo.ru/abakan/sestrinskoe-delo-v-khirurgii-pp/index.html.
Thu Feb  5 12:09:08 MSK 2026: Ошибка при выполнении замены в файле ecodpo.ru/abakan/sestrinskoe-delo-v-kosmetologii-sredniy-med-personal-pp/index.html.
Thu Feb  5 12:09:08 MSK 2026: Ошибка при выполнении замены в файле ecodpo.ru/abakan/sestrinskoe-delo-v-narkologii-pp/index.html.
Thu Feb  5 12:09:08 MSK 2026: Ошибка при выполнении замены в файле ecodpo.ru/abakan/sestrinskoe-delo-v-pediatrii-pp/index.html.
Thu Feb  5 12:09:08 MSK 2026: Ошибка при выполнении замены в файле ecodpo.ru/abakan/sestrinskoe-delo-v-psikhiatrii-pp/index.html.
Thu Feb  5 12:09:08 MSK 2026: Ошибка при выполнении замены в файле ecodpo.ru/abakan/sestrinskoe-delo-v-terapii-pp/index.html.
Thu Feb  5 12:09:08 MSK 2026: Ошибка при выполнении замены в файле ecodpo.ru/abakan/sestrinskoe-delo-v-tsso-pp/index.html.
Thu Feb  5 12:09:08 MSK 2026: Ошибка при выполнении замены в файле ecodpo.ru/abakan/sestrinskoe-operatsionnoe-delo-pp/index.html.
Thu Feb  5 12:09:08 MSK 2026: Ошибка при выполнении замены в файле ecodpo.ru/abakan/setevoy-inzhener-pp/index.html.
Thu Feb  5 12:09:08 MSK 2026: Ошибка при выполнении замены в файле ecodpo.ru/abakan/seti-svyazi-i-sistemy-kommunikatsiy-pp/index.html.
Thu Feb  5 12:09:08 MSK 2026: Ошибка при выполнении замены в файле ecodpo.ru/abakan/seti-svyazi-i-sistemy-kommunikatsiy1-pp/index.html.
Thu Feb  5 12:09:08 MSK 2026: Ошибка при выполнении замены в файле ecodpo.ru/abakan/shakhtnoe-i-podzemnoe-stroitelstvo-pp/index.html.
Thu Feb  5 12:09:08 MSK 2026: Ошибка при выполнении замены в файле ecodpo.ru/abakan/shkolnyy-psikholog-pp/index.html.
Thu Feb  5 12:09:08 MSK 2026: Ошибка при выполнении замены в файле ecodpo.ru/abakan/sistemnoe-administrirovanie-i-informatsionnye-tekhnologii-pp/index.html.
Thu Feb  5 12:09:08 MSK 2026: Ошибка при выполнении замены в файле ecodpo.ru/abakan/sistemnyy-administrator-linux-pp/index.html.
Thu Feb  5 12:09:08 MSK 2026: Ошибка при выполнении замены в файле ecodpo.ru/abakan/sistemnyy-administrator-pp/index.html.
Thu Feb  5 12:09:09 MSK 2026: Ошибка при выполнении замены в файле ecodpo.ru/abakan/sistemnyy-administrator-windows-pp/index.html.
Thu Feb  5 12:09:09 MSK 2026: Ошибка при выполнении замены в файле ecodpo.ru/abakan/sistemnyy-analitik-pp/index.html.
Thu Feb  5 12:09:09 MSK 2026: Ошибка при выполнении замены в файле ecodpo.ru/abakan/sistemy-svyazi-ops-vnutrennee-elektrosnabzhenie-pp/index.html.
Thu Feb  5 12:09:09 MSK 2026: Ошибка при выполнении замены в файле ecodpo.ru/abakan/sistemy-svyazi-ops-vnutrennee-elektrosnabzhenie1-pp/index.html.
Thu Feb  5 12:09:09 MSK 2026: Ошибка при выполнении замены в файле ecodpo.ru/abakan/sitemap/index.html.
Thu Feb  5 12:09:09 MSK 2026: Ошибка при выполнении замены в файле ecodpo.ru/abakan/skoraya-i-neotlozhnaya-pomoshch-pp/index.html.
Thu Feb  5 12:09:09 MSK 2026: Ошибка при выполнении замены в файле ecodpo.ru/abakan/slabotochnye-sistemy-pp/index.html.
Thu Feb  5 12:09:09 MSK 2026: Ошибка при выполнении замены в файле ecodpo.ru/abakan/sledovatel-kriminalist-pp/index.html.
Thu Feb  5 12:09:09 MSK 2026: Ошибка при выполнении замены в файле ecodpo.ru/abakan/sluzhba-glavnogo-energetika-bezopasnaya-ekspluatatsiya-i-menedzhment-pp/index.html.
Thu Feb  5 12:09:09 MSK 2026: Ошибка при выполнении замены в файле ecodpo.ru/abakan/smetnoe-delo-v-stroitelstve-pp/index.html.
Thu Feb  5 12:09:09 MSK 2026: Ошибка при выполнении замены в файле ecodpo.ru/abakan/smm-menedzhment-pp/index.html.
Thu Feb  5 12:09:09 MSK 2026: Ошибка при выполнении замены в файле ecodpo.ru/abakan/somele-kavist-pp/index.html.
Thu Feb  5 12:09:09 MSK 2026: Ошибка при выполнении замены в файле ecodpo.ru/abakan/sooruzhenie-i-remont-obektov-sistem-truboprovodnogo-transporta-pp/index.html.
Thu Feb  5 12:09:09 MSK 2026: Ошибка при выполнении замены в файле ecodpo.ru/abakan/sotsialnaya-gigiena-i-organizatsiya-gossanepidsluzhby-vrachi-pp/index.html.
Thu Feb  5 12:09:09 MSK 2026: Ошибка при выполнении замены в файле ecodpo.ru/abakan/sotsialnaya-pedagogika-pp/index.html.
Thu Feb  5 12:09:09 MSK 2026: Ошибка при выполнении замены в файле ecodpo.ru/abakan/sotsialnaya-psikhologiya-i-pedagogika-pp/index.html.
Thu Feb  5 12:09:09 MSK 2026: Ошибка при выполнении замены в файле ecodpo.ru/abakan/sotsialnaya-psikhologiya-pp/index.html.
Thu Feb  5 12:09:10 MSK 2026: Ошибка при выполнении замены в файле ecodpo.ru/abakan/sotsialnaya-reabilitatsiya-i-abilitatsiya-detey-i-vzroslykh-pp/index.html.
Thu Feb  5 12:09:10 MSK 2026: Ошибка при выполнении замены в файле ecodpo.ru/abakan/sotsialnoe-obsluzhivanie-professionalnaya-perepodgotovka/index.html.
Thu Feb  5 12:09:10 MSK 2026: Ошибка при выполнении замены в файле ecodpo.ru/abakan/sotsiolog-pp/index.html.
Thu Feb  5 12:09:10 MSK 2026: Ошибка при выполнении замены в файле ecodpo.ru/abakan/sovetnik-direktora-po-vospitatelnoy-rabote-pp/index.html.
Thu Feb  5 12:09:10 MSK 2026: Ошибка при выполнении замены в файле ecodpo.ru/abakan/sovremennye-tekhnologii-energosberezheniya-pp/index.html.
Thu Feb  5 12:09:10 MSK 2026: Ошибка при выполнении замены в файле ecodpo.ru/abakan/spetsialist-bpla-pp/index.html.
Thu Feb  5 12:09:10 MSK 2026: Ошибка при выполнении замены в файле ecodpo.ru/abakan/spetsialist-organa-opeki-i-popechitelstva-pp/index.html.
Thu Feb  5 12:09:10 MSK 2026: Ошибка при выполнении замены в файле ecodpo.ru/abakan/spetsialist-otvetstvennyy-za-bdd-pp/index.html.
Thu Feb  5 12:09:10 MSK 2026: Ошибка при выполнении замены в файле ecodpo.ru/abakan/spetsialist-po-ballisticheskomu-obespecheniyu-ispytaniy-kosmicheskikh-sredstv-pp/index.html.
Thu Feb  5 12:09:10 MSK 2026: Ошибка при выполнении замены в файле ecodpo.ru/abakan/spetsialist-po-ekologicheskoy-bezopasnosti-pp/index.html.
Thu Feb  5 12:09:10 MSK 2026: Ошибка при выполнении замены в файле ecodpo.ru/abakan/spetsialist-po-ekspluatatsii-liftovogo-oborudovaniya-pp/index.html.
Thu Feb  5 12:09:10 MSK 2026: Ошибка при выполнении замены в файле ecodpo.ru/abakan/spetsialist-po-finansovomu-monitoringu-pp/index.html.
Thu Feb  5 12:09:10 MSK 2026: Ошибка при выполнении замены в файле ecodpo.ru/abakan/spetsialist-po-informatsionnym-resursam-pp/index.html.
Thu Feb  5 12:09:10 MSK 2026: Ошибка при выполнении замены в файле ecodpo.ru/abakan/spetsialist-po-ispytaniyam-produktsii-pp/index.html.
Thu Feb  5 12:09:10 MSK 2026: Ошибка при выполнении замены в файле ecodpo.ru/abakan/spetsialist-po-ispytaniyam-raketnykh-dvigateley-pp/index.html.
Thu Feb  5 12:09:10 MSK 2026: Ошибка при выполнении замены в файле ecodpo.ru/abakan/spetsialist-po-kontrolyu-kachestva-nefti-i-nefteproduktov-pp/index.html.
Thu Feb  5 12:09:10 MSK 2026: Ошибка при выполнении замены в файле ecodpo.ru/abakan/spetsialist-po-mashinnomu-obucheniyu-i-iskusstvennomu-intellektu-pp/index.html.
Thu Feb  5 12:09:11 MSK 2026: Ошибка при выполнении замены в файле ecodpo.ru/abakan/spetsialist-po-menedzhmentu-kosmicheskikh-produktov-uslug-i-tekhnologiy-pp/index.html.
Thu Feb  5 12:09:11 MSK 2026: Ошибка при выполнении замены в файле ecodpo.ru/abakan/spetsialist-po-okhrane-truda-256-chasov-pp/index.html.
Thu Feb  5 12:09:11 MSK 2026: Ошибка при выполнении замены в файле ecodpo.ru/abakan/spetsialist-po-okhrane-truda-520-chasov-pp/index.html.
Thu Feb  5 12:09:11 MSK 2026: Ошибка при выполнении замены в файле ecodpo.ru/abakan/spetsialist-po-operatsiyam-s-dragotsennymi-metallami-pp/index.html.
Thu Feb  5 12:09:11 MSK 2026: Ошибка при выполнении замены в файле ecodpo.ru/abakan/spetsialist-po-organizatsii-i-upravleniyu-nauchno-issledovatelskimi-i-opytno-konstruktorskimi-rabota-pp/index.html.
Thu Feb  5 12:09:11 MSK 2026: Ошибка при выполнении замены в файле ecodpo.ru/abakan/spetsialist-po-organizatsii-postprodazhnogo-obsluzhivaniya-i-servisa-pp/index.html.
Thu Feb  5 12:09:11 MSK 2026: Ошибка при выполнении замены в файле ecodpo.ru/abakan/spetsialist-po-organizatsii-tusheniya-pozharov-pp/index.html.
Thu Feb  5 12:09:11 MSK 2026: Ошибка при выполнении замены в файле ecodpo.ru/abakan/spetsialist-po-otsenke-personala-pp/index.html.
Thu Feb  5 12:09:11 MSK 2026: Ошибка при выполнении замены в файле ecodpo.ru/abakan/spetsialist-po-platezhnym-sistemam-menedzher-po-prodazham-avtomobiley-pp/index.html.
Thu Feb  5 12:09:11 MSK 2026: Ошибка при выполнении замены в файле ecodpo.ru/abakan/spetsialist-po-podboru-personala-pp/index.html.
Thu Feb  5 12:09:11 MSK 2026: Ошибка при выполнении замены в файле ecodpo.ru/abakan/spetsialist-po-priemu-i-obrabotke-ekstrennykh-vyzovov-pp/index.html.
Thu Feb  5 12:09:11 MSK 2026: Ошибка при выполнении замены в файле ecodpo.ru/abakan/spetsialist-po-prodvizheniyu-i-rasprostraneniyu-produktsii-sredstv-massovoy-informatsii-pp/index.html.
Thu Feb  5 12:09:11 MSK 2026: Ошибка при выполнении замены в файле ecodpo.ru/abakan/spetsialist-po-proizvodstvu-produktsii-teleradioveshchatelnykh-sredstv-massovoy-informatsii-pp/index.html.
Thu Feb  5 12:09:11 MSK 2026: Ошибка при выполнении замены в файле ecodpo.ru/abakan/spetsialist-po-protivopozharnoy-profilaktiki-pp/index.html.
Thu Feb  5 12:09:11 MSK 2026: Ошибка при выполнении замены в файле ecodpo.ru/abakan/spetsialist-po-rabote-s-molodezhyu-pp/index.html.
Thu Feb  5 12:09:11 MSK 2026: Ошибка при выполнении замены в файле ecodpo.ru/abakan/spetsialist-po-reabilitatsionnoy-rabote-v-sotsialnoy-sfere-pp/index.html.
Thu Feb  5 12:09:11 MSK 2026: Ошибка при выполнении замены в файле ecodpo.ru/abakan/spetsialist-po-sotsialnoy-rabote-pp/index.html.
Thu Feb  5 12:09:12 MSK 2026: Ошибка при выполнении замены в файле ecodpo.ru/abakan/spetsialist-po-trudovoy-migratsii-pp/index.html.
Thu Feb  5 12:09:12 MSK 2026: Ошибка при выполнении замены в файле ecodpo.ru/abakan/spetsialist-po-uchetu-muzeynykh-predmetov--pp/index.html.
Thu Feb  5 12:09:12 MSK 2026: Ошибка при выполнении замены в файле ecodpo.ru/abakan/spetsialist-po-upravleniyu-dokumentatsiey-organizatsii-pp/index.html.
Thu Feb  5 12:09:12 MSK 2026: Ошибка при выполнении замены в файле ecodpo.ru/abakan/spetsialist-po-upravleniyu-personalom-pp/index.html.
Thu Feb  5 12:09:12 MSK 2026: Ошибка при выполнении замены в файле ecodpo.ru/abakan/spetsialist-po-videomontazhu-pp/index.html.
Thu Feb  5 12:09:12 MSK 2026: Ошибка при выполнении замены в файле ecodpo.ru/abakan/spetsialist-po-vnedreniyu-professionalnykh-standartov-v-organizatsii-pp/index.html.
Thu Feb  5 12:09:12 MSK 2026: Ошибка при выполнении замены в файле ecodpo.ru/abakan/spetsialist-po-vnutrennemu-kontrolyu-vnutrenniy-kontroler-pp/index.html.
Thu Feb  5 12:09:12 MSK 2026: Ошибка при выполнении замены в файле ecodpo.ru/abakan/spetsialist-rynka-tsennykh-bumag-pp/index.html.
Thu Feb  5 12:09:12 MSK 2026: Ошибка при выполнении замены в файле ecodpo.ru/abakan/spetsialist-sluzhby-protokola-pp/index.html.
Thu Feb  5 12:09:12 MSK 2026: Ошибка при выполнении замены в файле ecodpo.ru/abakan/spetsialist-stroitelnoy-laboratorii-pp/index.html.
Thu Feb  5 12:09:12 MSK 2026: Ошибка при выполнении замены в файле ecodpo.ru/abakan/spetsialist-svarochnogo-proizvodstva-pp/index.html.
Thu Feb  5 12:09:12 MSK 2026: Ошибка при выполнении замены в файле ecodpo.ru/abakan/spetsialist-v-oblasti-fizicheskoy-kultury-i-sporta-pp/index.html.
Thu Feb  5 12:09:12 MSK 2026: Ошибка при выполнении замены в файле ecodpo.ru/abakan/spetsialist-v-oblasti-vospitaniya-pp/index.html.
Thu Feb  5 12:09:12 MSK 2026: Ошибка при выполнении замены в файле ecodpo.ru/abakan/spetsialist-v-sfere-preduprezhdeniya-korruptsionnykh-pravonarusheniy-pp/index.html.
Thu Feb  5 12:09:12 MSK 2026: Ошибка при выполнении замены в файле ecodpo.ru/abakan/spetsialist-v-sfere-zakupok-pp/index.html.
Thu Feb  5 12:09:12 MSK 2026: Ошибка при выполнении замены в файле ecodpo.ru/abakan/spetsialnaya-otsenka-usloviy-truda-pp/index.html.
Thu Feb  5 12:09:12 MSK 2026: Ошибка при выполнении замены в файле ecodpo.ru/abakan/spetsialnaya-psikhologiya-pp/index.html.
Thu Feb  5 12:09:13 MSK 2026: Ошибка при выполнении замены в файле ecodpo.ru/abakan/spo-professionalnaya-perepodgotovka/index.html.
Thu Feb  5 12:09:13 MSK 2026: Ошибка при выполнении замены в файле ecodpo.ru/abakan/sportivnaya-dietologiya-i-nutritsiologiya-pp/index.html.
Thu Feb  5 12:09:13 MSK 2026: Ошибка при выполнении замены в файле ecodpo.ru/abakan/sportivnaya-dietologiya-pp/index.html.
Thu Feb  5 12:09:13 MSK 2026: Ошибка при выполнении замены в файле ecodpo.ru/abakan/sportivnyy-menedzhment-menedzhment-sportivnoy-organizatsii-pp/index.html.
Thu Feb  5 12:09:13 MSK 2026: Ошибка при выполнении замены в файле ecodpo.ru/abakan/sportivnyy-menedzhment-pp/index.html.
Thu Feb  5 12:09:13 MSK 2026: Ошибка при выполнении замены в файле ecodpo.ru/abakan/sportivnyy-psikholog-perepodgotovka-pp/index.html.
Thu Feb  5 12:09:13 MSK 2026: Ошибка при выполнении замены в файле ecodpo.ru/abakan/sportivnyy-trener-pp/index.html.
Thu Feb  5 12:09:13 MSK 2026: Ошибка при выполнении замены в файле ecodpo.ru/abakan/sportivnyy-yurist-pp/index.html.
Thu Feb  5 12:09:13 MSK 2026: Ошибка при выполнении замены в файле ecodpo.ru/abakan/standartizatsiya-i-metrologiya-pp/index.html.
Thu Feb  5 12:09:13 MSK 2026: Ошибка при выполнении замены в файле ecodpo.ru/abakan/starshaya-meditsinskaya-sestra-pp/index.html.
Thu Feb  5 12:09:13 MSK 2026: Ошибка при выполнении замены в файле ecodpo.ru/abakan/starshiy-vospitatel-dou-pp/index.html.
Thu Feb  5 12:09:13 MSK 2026: Ошибка при выполнении замены в файле ecodpo.ru/abakan/statistika-pp/index.html.
Thu Feb  5 12:09:13 MSK 2026: Ошибка при выполнении замены в файле ecodpo.ru/abakan/stomatolog-obshchey-praktiki-pp/index.html.
Thu Feb  5 12:09:13 MSK 2026: Ошибка при выполнении замены в файле ecodpo.ru/abakan/stomatologiya-gigienicheskaya-pp/index.html.
Thu Feb  5 12:09:13 MSK 2026: Ошибка при выполнении замены в файле ecodpo.ru/abakan/stomatologiya-khirurgicheskaya-pp/index.html.
Thu Feb  5 12:09:13 MSK 2026: Ошибка при выполнении замены в файле ecodpo.ru/abakan/stomatologiya-ortopedicheskaya-pp/index.html.
Thu Feb  5 12:09:13 MSK 2026: Ошибка при выполнении замены в файле ecodpo.ru/abakan/stomatologiya-pp/index.html.
Thu Feb  5 12:09:14 MSK 2026: Ошибка при выполнении замены в файле ecodpo.ru/abakan/stomatologiya-profilakticheskaya-pp/index.html.
Thu Feb  5 12:09:14 MSK 2026: Ошибка при выполнении замены в файле ecodpo.ru/abakan/stomatologiya-terapevticheskaya-pp/index.html.
Thu Feb  5 12:09:14 MSK 2026: Ошибка при выполнении замены в файле ecodpo.ru/abakan/strakhovanie-pp/index.html.
Thu Feb  5 12:09:14 MSK 2026: Ошибка при выполнении замены в файле ecodpo.ru/abakan/strategicheskiy-menedzhment-pp/index.html.
Thu Feb  5 12:09:14 MSK 2026: Ошибка при выполнении замены в файле ecodpo.ru/abakan/stroitelnyy-audit-pp/index.html.
Thu Feb  5 12:09:14 MSK 2026: Ошибка при выполнении замены в файле ecodpo.ru/abakan/stroitelnyy-kontrol-pp/index.html.
Thu Feb  5 12:09:14 MSK 2026: Ошибка при выполнении замены в файле ecodpo.ru/abakan/stroitelstvo-i-ekspluatatsiya-avtomobilnykh-dorog-i-aerodromov-pp/index.html.
Thu Feb  5 12:09:14 MSK 2026: Ошибка при выполнении замены в файле ecodpo.ru/abakan/stroitelstvo-na-baze-vysshego-obrazovaniya-pp/index.html.
Thu Feb  5 12:09:14 MSK 2026: Ошибка при выполнении замены в файле ecodpo.ru/abakan/stroitelstvo-professionalnaya-perepodgotovka/index.html.
Thu Feb  5 12:09:14 MSK 2026: Ошибка при выполнении замены в файле ecodpo.ru/abakan/stroitelstvo-teplovykh-i-atomnykh-elektrostantsiy-pp/index.html.
Thu Feb  5 12:09:14 MSK 2026: Ошибка при выполнении замены в файле ecodpo.ru/abakan/stroitelstvo-unikalnykh-zdaniy-i-sooruzheniy-pp/index.html.
Thu Feb  5 12:09:14 MSK 2026: Ошибка при выполнении замены в файле ecodpo.ru/abakan/stroitelstvo-vodoprovodnykh-i-kanalizatsionnykh-setey-i-sooruzheniy--pp/index.html.
Thu Feb  5 12:09:14 MSK 2026: Ошибка при выполнении замены в файле ecodpo.ru/abakan/stroitelstvo-zdaniy-i-sooruzheniy-pp/index.html.
Thu Feb  5 12:09:14 MSK 2026: Ошибка при выполнении замены в файле ecodpo.ru/abakan/strukturirovannye-kabelnye-sistemy-pp/index.html.
Thu Feb  5 12:09:14 MSK 2026: Ошибка при выполнении замены в файле ecodpo.ru/abakan/sudebnaya-avtotekhnicheskaya-ekspertiza-pp/index.html.
Thu Feb  5 12:09:14 MSK 2026: Ошибка при выполнении замены в файле ecodpo.ru/abakan/sudebnaya-ekologicheskaya-ekspertiza-pp/index.html.
Thu Feb  5 12:09:14 MSK 2026: Ошибка при выполнении замены в файле ecodpo.ru/abakan/sudebnaya-ekspertiza-pp/index.html.
Thu Feb  5 12:09:15 MSK 2026: Ошибка при выполнении замены в файле ecodpo.ru/abakan/sudebnaya-finansovo-ekonomicheskaya-ekspertiza-pp/index.html.
Thu Feb  5 12:09:15 MSK 2026: Ошибка при выполнении замены в файле ecodpo.ru/abakan/sudebnaya-pocherkovedcheskaya-ekspertiza-pp/index.html.
Thu Feb  5 12:09:15 MSK 2026: Ошибка при выполнении замены в файле ecodpo.ru/abakan/sudebnaya-pozharno-tekhnicheskaya-ekspertiza-pp/index.html.
Thu Feb  5 12:09:15 MSK 2026: Ошибка при выполнении замены в файле ecodpo.ru/abakan/sudebnaya-psikhologicheskaya-ekspertiza-pp/index.html.
Thu Feb  5 12:09:15 MSK 2026: Ошибка при выполнении замены в файле ecodpo.ru/abakan/sudebnaya-stroitelno-tekhnicheskaya-ekspertiza-pp/index.html.
Thu Feb  5 12:09:15 MSK 2026: Ошибка при выполнении замены в файле ecodpo.ru/abakan/sudebnaya-zemleustroitelnaya-ekspertiza-pp/index.html.
Thu Feb  5 12:09:15 MSK 2026: Ошибка при выполнении замены в файле ecodpo.ru/abakan/sudebno-meditsinskaya-ekspertiza-pp/index.html.
Thu Feb  5 12:09:15 MSK 2026: Ошибка при выполнении замены в файле ecodpo.ru/abakan/sudebno-psikhiatricheskaya-ekspertiza-vrachi-pp/index.html.
Thu Feb  5 12:09:15 MSK 2026: Ошибка при выполнении замены в файле ecodpo.ru/abakan/sudebno-stroitelnaya-ekspertiza-pp/index.html.
Thu Feb  5 12:09:15 MSK 2026: Ошибка при выполнении замены в файле ecodpo.ru/abakan/sudebnyy-ekspert-po-provedeniyu-psikhofiziologicheskoy-ekspertizy-s-ispolzovaniem-poligrafa-pp/index.html.
Thu Feb  5 12:09:15 MSK 2026: Ошибка при выполнении замены в файле ecodpo.ru/abakan/sudebnyy-ekspert-pp/index.html.
Thu Feb  5 12:09:15 MSK 2026: Ошибка при выполнении замены в файле ecodpo.ru/abakan/surdologiya-otorinolaringologiya-vrachi-pp/index.html.
Thu Feb  5 12:09:15 MSK 2026: Ошибка при выполнении замены в файле ecodpo.ru/abakan/surdopedagogika-pp/index.html.
Thu Feb  5 12:09:15 MSK 2026: Ошибка при выполнении замены в файле ecodpo.ru/abakan/svyaz-i-telekommunikatsii-professionalnaya-perepodgotovka/index.html.
Thu Feb  5 12:09:15 MSK 2026: Ошибка при выполнении замены в файле ecodpo.ru/abakan/targetirovannaya-reklama-pp/index.html.
Thu Feb  5 12:09:15 MSK 2026: Ошибка при выполнении замены в файле ecodpo.ru/abakan/teflosurdoperevodchik-pp/index.html.
Thu Feb  5 12:09:15 MSK 2026: Ошибка при выполнении замены в файле ecodpo.ru/abakan/tekhnicheskaya-ekspluatatsiya-elektrooborudovaniya-pp/index.html.
Thu Feb  5 12:09:16 MSK 2026: Ошибка при выполнении замены в файле ecodpo.ru/abakan/tekhnicheskaya-ekspluatatsiya-obsluzhivanie-elektricheskogo-i-elektromekhanicheskogo-oborudovaniya-pp/index.html.
Thu Feb  5 12:09:16 MSK 2026: Ошибка при выполнении замены в файле ecodpo.ru/abakan/tekhnicheskaya-ekspluatatsiya-podemno-transportnykh-mashin-pp/index.html.
Thu Feb  5 12:09:16 MSK 2026: Ошибка при выполнении замены в файле ecodpo.ru/abakan/tekhnicheskaya-ekspluatatsiya-transportnogo-radioelektronnogo-oborudovaniya-pp/index.html.
Thu Feb  5 12:09:16 MSK 2026: Ошибка при выполнении замены в файле ecodpo.ru/abakan/tekhnicheskaya-ekspluatatsiya-zdaniy-i-sooruzheniy-pp/index.html.
Thu Feb  5 12:09:16 MSK 2026: Ошибка при выполнении замены в файле ecodpo.ru/abakan/tekhnicheskaya-zashchita-informatsii-ogranichennogo-dostupa-pp/index.html.
Thu Feb  5 12:09:16 MSK 2026: Ошибка при выполнении замены в файле ecodpo.ru/abakan/tekhnicheskiy-nadzor-v-stroitelstve-pp/index.html.
Thu Feb  5 12:09:16 MSK 2026: Ошибка при выполнении замены в файле ecodpo.ru/abakan/tekhnicheskiy-osmotr-transportnykh-sredstv-pp/index.html.
Thu Feb  5 12:09:16 MSK 2026: Ошибка при выполнении замены в файле ecodpo.ru/abakan/tekhnicheskiy-pisatel-pp/index.html.
Thu Feb  5 12:09:16 MSK 2026: Ошибка при выполнении замены в файле ecodpo.ru/abakan/tekhnicheskoe-obsluzhivanie-elektricheskogo-oborudovaniya-podemnykh-sooruzheniy-pp/index.html.
Thu Feb  5 12:09:16 MSK 2026: Ошибка при выполнении замены в файле ecodpo.ru/abakan/tekhnicheskoe-obsluzhivanie-gidravlicheskogo-oborudovaniya-podemnykh-sooruzheniy-pp/index.html.
Thu Feb  5 12:09:16 MSK 2026: Ошибка при выполнении замены в файле ecodpo.ru/abakan/tekhnicheskoe-obsluzhivanie-i-remont-naruzhnykh-gazoprovodov-nizkogo-davleniya-pp/index.html.
Thu Feb  5 12:09:16 MSK 2026: Ошибка при выполнении замены в файле ecodpo.ru/abakan/tekhnicheskoe-obsluzhivanie-i-remont-podemnykh-sooruzheniy-pp/index.html.
Thu Feb  5 12:09:16 MSK 2026: Ошибка при выполнении замены в файле ecodpo.ru/abakan/tekhnicheskoe-obsluzhivanie-i-remont-spets-tekhniki-pp/index.html.
Thu Feb  5 12:09:16 MSK 2026: Ошибка при выполнении замены в файле ecodpo.ru/abakan/tekhnicheskoe-obsluzhivanie-transporta-pp/index.html.
Thu Feb  5 12:09:16 MSK 2026: Ошибка при выполнении замены в файле ecodpo.ru/abakan/tekhnika-i-tekhnologii-nazemnogo-transporta-pp/index.html.
Thu Feb  5 12:09:16 MSK 2026: Ошибка при выполнении замены в файле ecodpo.ru/abakan/tekhnika-i-tekhnologiya-proizvodstva-szhizhennogo-prirodnogo-gaza-pp/index.html.
Thu Feb  5 12:09:16 MSK 2026: Ошибка при выполнении замены в файле ecodpo.ru/abakan/tekhnogennaya-bezopasnost-pp/index.html.
Thu Feb  5 12:09:17 MSK 2026: Ошибка при выполнении замены в файле ecodpo.ru/abakan/tekhnolog-kosmetiki-pp/index.html.
Thu Feb  5 12:09:17 MSK 2026: Ошибка при выполнении замены в файле ecodpo.ru/abakan/tekhnolog-obshchestvennogo-pitaniya-pp/index.html.
Thu Feb  5 12:09:17 MSK 2026: Ошибка при выполнении замены в файле ecodpo.ru/abakan/tekhnolog-pishchevogo-proizvodstva-pp/index.html.
Thu Feb  5 12:09:17 MSK 2026: Ошибка при выполнении замены в файле ecodpo.ru/abakan/tekhnolog-shveynogo-proizvodstva-pp/index.html.
Thu Feb  5 12:09:17 MSK 2026: Ошибка при выполнении замены в файле ecodpo.ru/abakan/tekhnologii-setey-svyazi-i-sistem-kommutatsii-pp/index.html.
Thu Feb  5 12:09:17 MSK 2026: Ошибка при выполнении замены в файле ecodpo.ru/abakan/tekhnologiya-elektrokhimicheskikh-proizvodstv-pp/index.html.
Thu Feb  5 12:09:17 MSK 2026: Ошибка при выполнении замены в файле ecodpo.ru/abakan/tekhnologiya-mashinostroeniya-pp/index.html.
Thu Feb  5 12:09:17 MSK 2026: Ошибка при выполнении замены в файле ecodpo.ru/abakan/tekhnologiya-obshchestvennogo-pitaniya-pp/index.html.
Thu Feb  5 12:09:17 MSK 2026: Ошибка при выполнении замены в файле ecodpo.ru/abakan/tekhnologiya-proizvodstva-i-pererabotki-selskokhozyaystvennoy-produktsii-pp/index.html.
Thu Feb  5 12:09:17 MSK 2026: Ошибка при выполнении замены в файле ecodpo.ru/abakan/tekhnologiya-razrabotki-programmnogo-obespecheniya-pp/index.html.
Thu Feb  5 12:09:17 MSK 2026: Ошибка при выполнении замены в файле ecodpo.ru/abakan/tekhnologiya-transportnykh-protsessov-pp/index.html.
Thu Feb  5 12:09:17 MSK 2026: Ошибка при выполнении замены в файле ecodpo.ru/abakan/tekhnologiya-vysokomolekulyarnykh-i-vysokoeffektivnykh-soedineniy-i-ustroystv-pp/index.html.
Thu Feb  5 12:09:17 MSK 2026: Ошибка при выполнении замены в файле ecodpo.ru/abakan/tekhnosfernaya-bezopasnost-pp/index.html.
Thu Feb  5 12:09:17 MSK 2026: Ошибка при выполнении замены в файле ecodpo.ru/abakan/tekhobsluzhivanie-medtekhniki-professionalnaya-perepodgotovka/index.html.
Thu Feb  5 12:09:17 MSK 2026: Ошибка при выполнении замены в файле ecodpo.ru/abakan/telesno-orientirovannaya-terapiya-v-psikhologicheskom-konsultirovanii--pp/index.html.
Thu Feb  5 12:09:17 MSK 2026: Ошибка при выполнении замены в файле ecodpo.ru/abakan/teologiya-pp/index.html.
Thu Feb  5 12:09:17 MSK 2026: Ошибка при выполнении замены в файле ecodpo.ru/abakan/teoriya-i-metodika-gidroreabilitatsii-pp/index.html.
Thu Feb  5 12:09:18 MSK 2026: Ошибка при выполнении замены в файле ecodpo.ru/abakan/teoriya-i-metodika-prepodavaniya-estestvoznaniya-pp/index.html.
Thu Feb  5 12:09:18 MSK 2026: Ошибка при выполнении замены в файле ecodpo.ru/abakan/teploenergetika-i-elektrotekhnika-pp/index.html.
Thu Feb  5 12:09:18 MSK 2026: Ошибка при выполнении замены в файле ecodpo.ru/abakan/teploenergetika-teplotekhnika-pp/index.html.
Thu Feb  5 12:09:18 MSK 2026: Ошибка при выполнении замены в файле ecodpo.ru/abakan/teplogazosnabzhenie-i-ventilyatsiya-pp/index.html.
Thu Feb  5 12:09:18 MSK 2026: Ошибка при выполнении замены в файле ecodpo.ru/abakan/teplosnabzhenie-i-teplotekhnicheskoe-oborudovanie-pp/index.html.
Thu Feb  5 12:09:18 MSK 2026: Ошибка при выполнении замены в файле ecodpo.ru/abakan/terapiya-vrachi-pp/index.html.
Thu Feb  5 12:09:18 MSK 2026: Ошибка при выполнении замены в файле ecodpo.ru/abakan/testirovanie-programmnogo-obespecheniya-po-pp/index.html.
Thu Feb  5 12:09:18 MSK 2026: Ошибка при выполнении замены в файле ecodpo.ru/abakan/testirovshchik-igr-pp/index.html.
Thu Feb  5 12:09:18 MSK 2026: Ошибка при выполнении замены в файле ecodpo.ru/abakan/testirovshchik-po-pp/index.html.
Thu Feb  5 12:09:18 MSK 2026: Ошибка при выполнении замены в файле ecodpo.ru/abakan/tiflopedagog-pp/index.html.
Thu Feb  5 12:09:18 MSK 2026: Ошибка при выполнении замены в файле ecodpo.ru/abakan/toksikologiya-vrachi-pp/index.html.
Thu Feb  5 12:09:18 MSK 2026: Ошибка при выполнении замены в файле ecodpo.ru/abakan/tonneli-i-metropoliteny-pp/index.html.
Thu Feb  5 12:09:18 MSK 2026: Ошибка при выполнении замены в файле ecodpo.ru/abakan/torakalnaya-khirurgiya-vrach-pp/index.html.
Thu Feb  5 12:09:18 MSK 2026: Ошибка при выполнении замены в файле ecodpo.ru/abakan/torgovlya-i-tovarovedenie-professionalnaya-perepodgotovka/index.html.
Thu Feb  5 12:09:18 MSK 2026: Ошибка при выполнении замены в файле ecodpo.ru/abakan/torgovoe-delo-pp/index.html.
Thu Feb  5 12:09:18 MSK 2026: Ошибка при выполнении замены в файле ecodpo.ru/abakan/tovarovedenie-i-ekspertiza-kachestva-potrebitelskikh-tovarov-pp/index.html.
Thu Feb  5 12:09:18 MSK 2026: Ошибка при выполнении замены в файле ecodpo.ru/abakan/trafik-menedzher-pp/index.html.
Thu Feb  5 12:09:19 MSK 2026: Ошибка при выполнении замены в файле ecodpo.ru/abakan/transfuziologiya-vrachi-pp/index.html.
Thu Feb  5 12:09:19 MSK 2026: Ошибка при выполнении замены в файле ecodpo.ru/abakan/transportirovka-khranenie-i-ekspluatatsiya-gazovykh-ballonov-pp/index.html.
Thu Feb  5 12:09:19 MSK 2026: Ошибка при выполнении замены в файле ecodpo.ru/abakan/transportnaya-bezopasnost-professionalnaya-perepodgotovka/index.html.
Thu Feb  5 12:09:19 MSK 2026: Ошибка при выполнении замены в файле ecodpo.ru/abakan/transportnaya-logistika-pp/index.html.
Thu Feb  5 12:09:19 MSK 2026: Ошибка при выполнении замены в файле ecodpo.ru/abakan/transportno-tekhnologicheskie-sistemy-i-sredstva-pp/index.html.
Thu Feb  5 12:09:19 MSK 2026: Ошибка при выполнении замены в файле ecodpo.ru/abakan/travmatologiya-i-ortopediya-vrachi-pp/index.html.
Thu Feb  5 12:09:19 MSK 2026: Ошибка при выполнении замены в файле ecodpo.ru/abakan/trener-po-aerobike-pp/index.html.
Thu Feb  5 12:09:19 MSK 2026: Ошибка при выполнении замены в файле ecodpo.ru/abakan/trener-po-armrestlingu-pp/index.html.
Thu Feb  5 12:09:19 MSK 2026: Ошибка при выполнении замены в файле ecodpo.ru/abakan/trener-po-aykido-pp/index.html.
Thu Feb  5 12:09:19 MSK 2026: Ошибка при выполнении замены в файле ecodpo.ru/abakan/trener-po-badmintonu-pp/index.html.
Thu Feb  5 12:09:19 MSK 2026: Ошибка при выполнении замены в файле ecodpo.ru/abakan/trener-po-basketbolu-pp/index.html.
Thu Feb  5 12:09:19 MSK 2026: Ошибка при выполнении замены в файле ecodpo.ru/abakan/trener-po-biatlonu-pp/index.html.
Thu Feb  5 12:09:19 MSK 2026: Ошибка при выполнении замены в файле ecodpo.ru/abakan/trener-po-bodibildingu-pp/index.html.
Thu Feb  5 12:09:19 MSK 2026: Ошибка при выполнении замены в файле ecodpo.ru/abakan/trener-po-bodifleksu-pp/index.html.
Thu Feb  5 12:09:19 MSK 2026: Ошибка при выполнении замены в файле ecodpo.ru/abakan/trener-po-boksu-kikboksingu-pp/index.html.
Thu Feb  5 12:09:19 MSK 2026: Ошибка при выполнении замены в файле ecodpo.ru/abakan/trener-po-figurnomu-kataniyu-pp/index.html.
Thu Feb  5 12:09:19 MSK 2026: Ошибка при выполнении замены в файле ecodpo.ru/abakan/trener-po-fitnesu-pp/index.html.
Thu Feb  5 12:09:19 MSK 2026: Ошибка при выполнении замены в файле ecodpo.ru/abakan/trener-po-futbolu-pp/index.html.
Thu Feb  5 12:09:20 MSK 2026: Ошибка при выполнении замены в файле ecodpo.ru/abakan/trener-po-gandbolu-pp/index.html.
Thu Feb  5 12:09:20 MSK 2026: Ошибка при выполнении замены в файле ecodpo.ru/abakan/trener-po-gimnastike-pp/index.html.
Thu Feb  5 12:09:20 MSK 2026: Ошибка при выполнении замены в файле ecodpo.ru/abakan/trener-po-kallanetike-pp/index.html.
Thu Feb  5 12:09:20 MSK 2026: Ошибка при выполнении замены в файле ecodpo.ru/abakan/trener-po-karate-pp/index.html.
Thu Feb  5 12:09:20 MSK 2026: Ошибка при выполнении замены в файле ecodpo.ru/abakan/trener-po-khokkeyu-pp/index.html.
Thu Feb  5 12:09:20 MSK 2026: Ошибка при выполнении замены в файле ecodpo.ru/abakan/trener-po-legkoy-atletike-pp/index.html.
Thu Feb  5 12:09:20 MSK 2026: Ошибка при выполнении замены в файле ecodpo.ru/abakan/trener-po-lyzhnomu-sportu-pp/index.html.
Thu Feb  5 12:09:20 MSK 2026: Ошибка при выполнении замены в файле ecodpo.ru/abakan/trener-po-nastolnomu-tennisu-pp/index.html.
Thu Feb  5 12:09:20 MSK 2026: Ошибка при выполнении замены в файле ecodpo.ru/abakan/trener-po-pauerliftingu-pp/index.html.
Thu Feb  5 12:09:20 MSK 2026: Ошибка при выполнении замены в файле ecodpo.ru/abakan/trener-po-pilatesu-pp/index.html.
Thu Feb  5 12:09:20 MSK 2026: Ошибка при выполнении замены в файле ecodpo.ru/abakan/trener-po-plavaniyu-pp/index.html.
Thu Feb  5 12:09:20 MSK 2026: Ошибка при выполнении замены в файле ecodpo.ru/abakan/trener-po-rukopashnomu-boyu-pp/index.html.
Thu Feb  5 12:09:20 MSK 2026: Ошибка при выполнении замены в файле ecodpo.ru/abakan/trener-po-shakhmatam-pp/index.html.
Thu Feb  5 12:09:20 MSK 2026: Ошибка при выполнении замены в файле ecodpo.ru/abakan/trener-po-shashkam-pp/index.html.
Thu Feb  5 12:09:20 MSK 2026: Ошибка при выполнении замены в файле ecodpo.ru/abakan/trener-po-stretchingu-pp/index.html.
Thu Feb  5 12:09:20 MSK 2026: Ошибка при выполнении замены в файле ecodpo.ru/abakan/trener-po-tennisu-pp/index.html.
Thu Feb  5 12:09:20 MSK 2026: Ошибка при выполнении замены в файле ecodpo.ru/abakan/trener-po-voleybolu-pp/index.html.
Thu Feb  5 12:09:21 MSK 2026: Ошибка при выполнении замены в файле ecodpo.ru/abakan/trener-prepodavatel-pp/index.html.
Thu Feb  5 12:09:21 MSK 2026: Ошибка при выполнении замены в файле ecodpo.ru/abakan/trener-strelkovogo-sporta-pp/index.html.
Thu Feb  5 12:09:21 MSK 2026: Ошибка при выполнении замены в файле ecodpo.ru/abakan/treyding-pp/index.html.
Thu Feb  5 12:09:21 MSK 2026: Ошибка при выполнении замены в файле ecodpo.ru/abakan/trudovoe-pravo-pp/index.html.
Thu Feb  5 12:09:21 MSK 2026: Ошибка при выполнении замены в файле ecodpo.ru/abakan/tsenoobrazovanie-i-smetnoe-delo-pp/index.html.
Thu Feb  5 12:09:21 MSK 2026: Ошибка при выполнении замены в файле ecodpo.ru/abakan/tsifrovaya-ekonomika-pp/index.html.
Thu Feb  5 12:09:21 MSK 2026: Ошибка при выполнении замены в файле ecodpo.ru/abakan/tsifrovaya-kriminalistika-pp/index.html.
Thu Feb  5 12:09:21 MSK 2026: Ошибка при выполнении замены в файле ecodpo.ru/abakan/tsifrovaya-skhemotekhnika-i-arkhitektura-kompyutera-pp/index.html.
Thu Feb  5 12:09:21 MSK 2026: Ошибка при выполнении замены в файле ecodpo.ru/abakan/tsifrovoy-kurator-pp/index.html.
Thu Feb  5 12:09:21 MSK 2026: Ошибка при выполнении замены в файле ecodpo.ru/abakan/tsvetnaya-metallurgiya-pp/index.html.
Thu Feb  5 12:09:21 MSK 2026: Ошибка при выполнении замены в файле ecodpo.ru/abakan/uchet-teplovoy-energii-i-energosberezheniya-pp/index.html.
Thu Feb  5 12:09:21 MSK 2026: Ошибка при выполнении замены в файле ecodpo.ru/abakan/uchitel-angliyskogo-yazyka-pp/index.html.
Thu Feb  5 12:09:21 MSK 2026: Ошибка при выполнении замены в файле ecodpo.ru/abakan/uchitel-arabskogo-yazyka-pp/index.html.
Thu Feb  5 12:09:21 MSK 2026: Ошибка при выполнении замены в файле ecodpo.ru/abakan/uchitel-astronomii-pp/index.html.
Thu Feb  5 12:09:21 MSK 2026: Ошибка при выполнении замены в файле ecodpo.ru/abakan/uchitel-biologii-i-khimii-pp/index.html.
Thu Feb  5 12:09:21 MSK 2026: Ошибка при выполнении замены в файле ecodpo.ru/abakan/uchitel-biologii-pp/index.html.
Thu Feb  5 12:09:21 MSK 2026: Ошибка при выполнении замены в файле ecodpo.ru/abakan/uchitel-defektolog-pp/index.html.
Thu Feb  5 12:09:22 MSK 2026: Ошибка при выполнении замены в файле ecodpo.ru/abakan/uchitel-ekonomiki-pp/index.html.
Thu Feb  5 12:09:22 MSK 2026: Ошибка при выполнении замены в файле ecodpo.ru/abakan/uchitel-fiziki-pp/index.html.
Thu Feb  5 12:09:22 MSK 2026: Ошибка при выполнении замены в файле ecodpo.ru/abakan/uchitel-fizkultury-pp/index.html.
Thu Feb  5 12:09:22 MSK 2026: Ошибка при выполнении замены в файле ecodpo.ru/abakan/uchitel-geografii-pp/index.html.
Thu Feb  5 12:09:22 MSK 2026: Ошибка при выполнении замены в файле ecodpo.ru/abakan/uchitel-gitary-pp/index.html.
Thu Feb  5 12:09:22 MSK 2026: Ошибка при выполнении замены в файле ecodpo.ru/abakan/uchitel-informatiki-pp/index.html.
Thu Feb  5 12:09:22 MSK 2026: Ошибка при выполнении замены в файле ecodpo.ru/abakan/uchitel-inostrannogo-yazyka-pp/index.html.
Thu Feb  5 12:09:22 MSK 2026: Ошибка при выполнении замены в файле ecodpo.ru/abakan/uchitel-istorii-i-obshchestvoznaniya-pp/index.html.
Thu Feb  5 12:09:22 MSK 2026: Ошибка при выполнении замены в файле ecodpo.ru/abakan/uchitel-istorii-pp/index.html.
Thu Feb  5 12:09:22 MSK 2026: Ошибка при выполнении замены в файле ecodpo.ru/abakan/uchitel-izo-pp/index.html.
Thu Feb  5 12:09:22 MSK 2026: Ошибка при выполнении замены в файле ecodpo.ru/abakan/uchitel-kalligrafii-pp/index.html.
Thu Feb  5 12:09:22 MSK 2026: Ошибка при выполнении замены в файле ecodpo.ru/abakan/uchitel-khimii-pp/index.html.
Thu Feb  5 12:09:22 MSK 2026: Ошибка при выполнении замены в файле ecodpo.ru/abakan/uchitel-kitayskogo-yazyka-pp/index.html.
Thu Feb  5 12:09:22 MSK 2026: Ошибка при выполнении замены в файле ecodpo.ru/abakan/uchitel-koreyskogo-yazyka-pp/index.html.
Thu Feb  5 12:09:22 MSK 2026: Ошибка при выполнении замены в файле ecodpo.ru/abakan/uchitel-literatury-pp/index.html.
Thu Feb  5 12:09:22 MSK 2026: Ошибка при выполнении замены в файле ecodpo.ru/abakan/uchitel-matematiki-i-informatiki-pp/index.html.
Thu Feb  5 12:09:22 MSK 2026: Ошибка при выполнении замены в файле ecodpo.ru/abakan/uchitel-matematiki-na-baze-vysshego-obrazovaniya-pp/index.html.
Thu Feb  5 12:09:23 MSK 2026: Ошибка при выполнении замены в файле ecodpo.ru/abakan/uchitel-matematiki-pp/index.html.
Thu Feb  5 12:09:23 MSK 2026: Ошибка при выполнении замены в файле ecodpo.ru/abakan/uchitel-metodist-pp/index.html.
Thu Feb  5 12:09:23 MSK 2026: Ошибка при выполнении замены в файле ecodpo.ru/abakan/uchitel-mkhk-pp/index.html.
Thu Feb  5 12:09:23 MSK 2026: Ошибка при выполнении замены в файле ecodpo.ru/abakan/uchitel-muzyki-pp/index.html.
Thu Feb  5 12:09:23 MSK 2026: Ошибка при выполнении замены в файле ecodpo.ru/abakan/uchitel-nachalnykh-klassov-angliyskogo-yazyka-pp/index.html.
Thu Feb  5 12:09:23 MSK 2026: Ошибка при выполнении замены в файле ecodpo.ru/abakan/uchitel-nachalnykh-klassov-pp/index.html.
Thu Feb  5 12:09:23 MSK 2026: Ошибка при выполнении замены в файле ecodpo.ru/abakan/uchitel-nemetskogo-yazyka-pp/index.html.
Thu Feb  5 12:09:23 MSK 2026: Ошибка при выполнении замены в файле ecodpo.ru/abakan/uchitel-obshchestvoznaniya-pp/index.html.
Thu Feb  5 12:09:23 MSK 2026: Ошибка при выполнении замены в файле ecodpo.ru/abakan/uchitel-obzh-pp/index.html.
Thu Feb  5 12:09:23 MSK 2026: Ошибка при выполнении замены в файле ecodpo.ru/abakan/uchitel-po-chercheniyu-pp/index.html.
Thu Feb  5 12:09:23 MSK 2026: Ошибка при выполнении замены в файле ecodpo.ru/abakan/uchitel-robototekhniki-pp/index.html.
Thu Feb  5 12:09:23 MSK 2026: Ошибка при выполнении замены в файле ecodpo.ru/abakan/uchitel-russkogo-i-literatury-pp/index.html.
Thu Feb  5 12:09:23 MSK 2026: Ошибка при выполнении замены в файле ecodpo.ru/abakan/uchitel-russkogo-yazyka-i-literatury-pp/index.html.
Thu Feb  5 12:09:23 MSK 2026: Ошибка при выполнении замены в файле ecodpo.ru/abakan/uchitel-tantsev-trener-po-tantsam-pp/index.html.
Thu Feb  5 12:09:23 MSK 2026: Ошибка при выполнении замены в файле ecodpo.ru/abakan/uchitel-tekhnologii-truda-pp/index.html.
Thu Feb  5 12:09:23 MSK 2026: Ошибка при выполнении замены в файле ecodpo.ru/abakan/ugolovnoe-pravo-pp/index.html.
Thu Feb  5 12:09:23 MSK 2026: Ошибка при выполнении замены в файле ecodpo.ru/abakan/ultrazvukovaya-diagnostika-pp/index.html.
Thu Feb  5 12:09:24 MSK 2026: Ошибка при выполнении замены в файле ecodpo.ru/abakan/upravlenie-chelovecheskimi-resursami-pp/index.html.
Thu Feb  5 12:09:24 MSK 2026: Ошибка при выполнении замены в файле ecodpo.ru/abakan/upravlenie-gosudarstvennymi-i-munitsipalnymi-zakupkami-pp/index.html.
Thu Feb  5 12:09:24 MSK 2026: Ошибка при выполнении замены в файле ecodpo.ru/abakan/upravlenie-i-ekonomika-farmatsii-pp/index.html.
Thu Feb  5 12:09:24 MSK 2026: Ошибка при выполнении замены в файле ecodpo.ru/abakan/upravlenie-i-ekonomika-v-zdravookhranenii-pp/index.html.
Thu Feb  5 12:09:24 MSK 2026: Ошибка при выполнении замены в файле ecodpo.ru/abakan/upravlenie-kachestvom-pp/index.html.
Thu Feb  5 12:09:24 MSK 2026: Ошибка при выполнении замены в файле ecodpo.ru/abakan/upravlenie-kommercheskoy-nedvizhimostyu-pp/index.html.
Thu Feb  5 12:09:24 MSK 2026: Ошибка при выполнении замены в файле ecodpo.ru/abakan/upravlenie-mnogokvartirnymi-domami-pp/index.html.
Thu Feb  5 12:09:24 MSK 2026: Ошибка при выполнении замены в файле ecodpo.ru/abakan/upravlenie-nedvizhimostyu-pp/index.html.
Thu Feb  5 12:09:24 MSK 2026: Ошибка при выполнении замены в файле ecodpo.ru/abakan/upravlenie-personalom-podbor-razvitie-i-obuchenie-personala-pp/index.html.
Thu Feb  5 12:09:24 MSK 2026: Ошибка при выполнении замены в файле ecodpo.ru/abakan/upravlenie-personalom-pp/index.html.
Thu Feb  5 12:09:24 MSK 2026: Ошибка при выполнении замены в файле ecodpo.ru/abakan/upravlenie-prodazhami-administrator-internet-magazina-pp/index.html.
Thu Feb  5 12:09:24 MSK 2026: Ошибка при выполнении замены в файле ecodpo.ru/abakan/upravlenie-proektami-pp/index.html.
Thu Feb  5 12:09:24 MSK 2026: Ошибка при выполнении замены в файле ecodpo.ru/abakan/upravlenie-proektami-project-menedzher-pp/index.html.
Thu Feb  5 12:09:24 MSK 2026: Ошибка при выполнении замены в файле ecodpo.ru/abakan/upravlenie-sestrinskoy-deyatelnostyu-pp/index.html.
Thu Feb  5 12:09:24 MSK 2026: Ошибка при выполнении замены в файле ecodpo.ru/abakan/upravlenie-stroitelstvom-pp/index.html.
Thu Feb  5 12:09:24 MSK 2026: Ошибка при выполнении замены в файле ecodpo.ru/abakan/upravlenie-transportnym-khozyaystvom-pp/index.html.
Thu Feb  5 12:09:24 MSK 2026: Ошибка при выполнении замены в файле ecodpo.ru/abakan/upravlenie-v-kreativnykh-industriyakh-pp/index.html.
Thu Feb  5 12:09:25 MSK 2026: Ошибка при выполнении замены в файле ecodpo.ru/abakan/upravlenie-v-sfere-kultury-pp/index.html.
Thu Feb  5 12:09:25 MSK 2026: Ошибка при выполнении замены в файле ecodpo.ru/abakan/upravlenie-v-tekhnicheskikh-sistemakh-pp/index.html.
Thu Feb  5 12:09:25 MSK 2026: Ошибка при выполнении замены в файле ecodpo.ru/abakan/upravlyayushchiy-restoranom-menedzhment-v-restorannom-biznese-pp/index.html.
Thu Feb  5 12:09:25 MSK 2026: Ошибка при выполнении замены в файле ecodpo.ru/abakan/urologiya-vrachi-pp/index.html.
Thu Feb  5 12:09:25 MSK 2026: Ошибка при выполнении замены в файле ecodpo.ru/abakan/ustroystvo-vnutrennikh-inzhenernykh-sistem-i-oborudovaniya-zdaniy-ventilyatsiya-i-konditsionirovanie-pp/index.html.
Thu Feb  5 12:09:25 MSK 2026: Ошибка при выполнении замены в файле ecodpo.ru/abakan/ux-ui-dizayner-pp/index.html.
Thu Feb  5 12:09:25 MSK 2026: Ошибка при выполнении замены в файле ecodpo.ru/abakan/veb-dizayn-pp/index.html.
Thu Feb  5 12:09:25 MSK 2026: Ошибка при выполнении замены в файле ecodpo.ru/abakan/veb-razrabotka-pp/index.html.
Thu Feb  5 12:09:25 MSK 2026: Ошибка при выполнении замены в файле ecodpo.ru/abakan/vedushchiy-televizionnoy-programmy-pp/index.html.
Thu Feb  5 12:09:25 MSK 2026: Ошибка при выполнении замены в файле ecodpo.ru/abakan/veterinariya-professionalnaya-perepodgotovka/index.html.
Thu Feb  5 12:09:25 MSK 2026: Ошибка при выполнении замены в файле ecodpo.ru/abakan/veterinarno-sanitarnaya-ekspertiza-pp/index.html.
Thu Feb  5 12:09:25 MSK 2026: Ошибка при выполнении замены в файле ecodpo.ru/abakan/virusologiya-vrachi-pp/index.html.
Thu Feb  5 12:09:25 MSK 2026: Ошибка при выполнении замены в файле ecodpo.ru/abakan/vneshneekonomicheskaya-deyatelnost-pp/index.html.
Thu Feb  5 12:09:25 MSK 2026: Ошибка при выполнении замены в файле ecodpo.ru/abakan/vneshniy-auditor-pp/index.html.
Thu Feb  5 12:09:25 MSK 2026: Ошибка при выполнении замены в файле ecodpo.ru/abakan/vnutrennie-i-naruzhnye-inzhenernye-sistemy-pp/index.html.
Thu Feb  5 12:09:25 MSK 2026: Ошибка при выполнении замены в файле ecodpo.ru/abakan/vnutrenniy-auditor-po-soblyudeniyu-norm-trudovogo-zakonodatelstva-pp/index.html.
Thu Feb  5 12:09:25 MSK 2026: Ошибка при выполнении замены в файле ecodpo.ru/abakan/vnutrenniy-auditor-pp/index.html.
Thu Feb  5 12:09:26 MSK 2026: Ошибка при выполнении замены в файле ecodpo.ru/abakan/vodnye-bioresursy-i-akvakultura-pp/index.html.
Thu Feb  5 12:09:26 MSK 2026: Ошибка при выполнении замены в файле ecodpo.ru/abakan/vodolaznaya-meditsina-vrachi-pp/index.html.
Thu Feb  5 12:09:26 MSK 2026: Ошибка при выполнении замены в файле ecodpo.ru/abakan/vodootvedenie-i-ochistka-stochnykh-vod-pp/index.html.
Thu Feb  5 12:09:26 MSK 2026: Ошибка при выполнении замены в файле ecodpo.ru/abakan/vodosnabzhenie-i-vodootvedenie-pp/index.html.
Thu Feb  5 12:09:26 MSK 2026: Ошибка при выполнении замены в файле ecodpo.ru/abakan/voennyy-psikholog-pp/index.html.
Thu Feb  5 12:09:26 MSK 2026: Ошибка при выполнении замены в файле ecodpo.ru/abakan/voennyy-yurist-pp/index.html.
Thu Feb  5 12:09:26 MSK 2026: Ошибка при выполнении замены в файле ecodpo.ru/abakan/voinskiy-uchet-pp/index.html.
Thu Feb  5 12:09:26 MSK 2026: Ошибка при выполнении замены в файле ecodpo.ru/abakan/vospitatel-detskogo-sada-pp/index.html.
Thu Feb  5 12:09:26 MSK 2026: Ошибка при выполнении замены в файле ecodpo.ru/abakan/vostokovedenie-i-afrikanistika-pp/index.html.
Thu Feb  5 12:09:26 MSK 2026: Ошибка при выполнении замены в файле ecodpo.ru/abakan/vrach-eeg-pp/index.html.
Thu Feb  5 12:09:26 MSK 2026: Ошибка при выполнении замены в файле ecodpo.ru/abakan/vrach-mrt-pp/index.html.
Thu Feb  5 12:09:26 MSK 2026: Ошибка при выполнении замены в файле ecodpo.ru/abakan/vychislitelnye-mashiny-kompleksy-sistemy-i-seti-pp/index.html.
Thu Feb  5 12:09:26 MSK 2026: Ошибка при выполнении замены в файле ecodpo.ru/abakan/vypusk-avtotransporta-na-liniyu-pp/index.html.
Thu Feb  5 12:09:26 MSK 2026: Ошибка при выполнении замены в файле ecodpo.ru/abakan/yurisprudentsiya-professionalnaya-perepodgotovka/index.html.
Thu Feb  5 12:09:26 MSK 2026: Ошибка при выполнении замены в файле ecodpo.ru/abakan/zamestitel-direktora-po-vospitatelnoy-rabote-pp/index.html.
Thu Feb  5 12:09:26 MSK 2026: Ошибка при выполнении замены в файле ecodpo.ru/abakan/zamestitel-direktora-v-obrazovatelnoy-organizatsii-pp/index.html.
Thu Feb  5 12:09:26 MSK 2026: Ошибка при выполнении замены в файле ecodpo.ru/abakan/zashchita-rasteniy-i-fitosanitarnyy-kontrol-pp/index.html.
Thu Feb  5 12:09:26 MSK 2026: Ошибка при выполнении замены в файле ecodpo.ru/abakan/zemelno-imushchestvennye-otnosheniya-pp/index.html.
Thu Feb  5 12:09:27 MSK 2026: Ошибка при выполнении замены в файле ecodpo.ru/abakan/zemelnoe-pravo-pp/index.html.
Thu Feb  5 12:09:27 MSK 2026: Ошибка при выполнении замены в файле ecodpo.ru/abakan/zemleustrojstvo-i-kadastr-professionalnaya-perepodgotovka/index.html.
Thu Feb  5 12:09:27 MSK 2026: Ошибка при выполнении замены в файле ecodpo.ru/abakan/zemleustroystvo-pp/index.html.
Thu Feb  5 12:09:27 MSK 2026: Ошибка при выполнении замены в файле ecodpo.ru/abakan/zhelezobetonnye-konstruktsii-i-fundamenty-pp/index.html.
Thu Feb  5 12:09:27 MSK 2026: Ошибка при выполнении замены в файле ecodpo.ru/abakan/zhelezobetonnye-konstruktsii-osnovaniya-i-fundamenty-pp/index.html.
Thu Feb  5 12:09:27 MSK 2026: Ошибка при выполнении замены в файле ecodpo.ru/abakan/zhilishchnyy-yurist-pp/index.html.
Thu Feb  5 12:09:27 MSK 2026: Ошибка при выполнении замены в файле ecodpo.ru/abakan/zhurnalist-pp/index.html.
Thu Feb  5 12:09:27 MSK 2026: Ошибка при выполнении замены в файле ecodpo.ru/abakan/zhurnalistika-professionalnaya-perepodgotovka/index.html.
Thu Feb  5 12:09:27 MSK 2026: Ошибка при выполнении замены в файле ecodpo.ru/abakan/zoolog-pp/index.html.
Thu Feb  5 12:09:27 MSK 2026: Ошибка при выполнении замены в файле ecodpo.ru/abakan/zoopsikhologiya-pp/index.html.
Thu Feb  5 12:09:27 MSK 2026: Ошибка при выполнении замены в файле ecodpo.ru/abakan/zootekhnik-pp/index.html.
Thu Feb  5 12:09:27 MSK 2026: Ошибка при выполнении замены в файле ecodpo.ru/abakan/zootekhniya-pp/index.html.
Thu Feb  5 12:09:27 MSK 2026: Ошибка при выполнении замены в файле ecodpo.ru/abakan/zubnoy-tekhnik-pp/index.html.
Thu Feb  5 12:09:27 MSK 2026: Ошибка при выполнении замены в файле ecodpo.ru/abakan/zvukorezhisser-pp/index.html.
Thu Feb  5 12:09:27 MSK 2026: Ошибка при выполнении замены в файле ecodpo.ru/index.html.
Thu Feb  5 12:09:27 MSK 2026: Текст '№ Л035-01215-72/00190069' не был найден ни в одном из HTML файлов в каталоге ecodpo.ru.
